"","Year","Type","Value","GCAM_commodity"
"1",2019,"Planted",362.9262,"Corn"
"2",2018,"Planted",359.572066,"Corn"
"3",2017,"Planted",364.815682,"Corn"
"4",2016,"Planted",380.340184,"Corn"
"5",2015,"Planted",356.124874,"Corn"
"6",2014,"Planted",366.555462,"Corn"
"7",2013,"Planted",385.84679,"Corn"
"8",2012,"Planted",393.639386,"Corn"
"9",2011,"Planted",371.973056,"Corn"
"10",2010,"Planted",356.824832,"Corn"
"11",2009,"Planted",349.501572,"Corn"
"12",2008,"Planted",347.883172,"Corn"
"13",2007,"Planted",378.410242,"Corn"
"14",2006,"Planted",316.911042,"Corn"
"15",2005,"Planted",330.877834,"Corn"
"16",2004,"Planted",327.438734,"Corn"
"17",2003,"Planted",318.027738,"Corn"
"18",2002,"Planted",319.205124,"Corn"
"19",2001,"Planted",306.290292,"Corn"
"20",2000,"Planted",321.863346,"Corn"
"21",1999,"Planted",313.103756,"Corn"
"22",1998,"Planted",324.34759,"Corn"
"23",1997,"Planted",321.806702,"Corn"
"24",1996,"Planted",320.560534,"Corn"
"25",1995,"Planted",289.204034,"Corn"
"26",1994,"Planted",319.314366,"Corn"
"27",1993,"Planted",296.324994,"Corn"
"28",1992,"Planted",320.892306,"Corn"
"29",1991,"Planted",307.322022,"Corn"
"30",1990,"Planted",300.075636,"Corn"
"31",1989,"Planted",292.614812,"Corn"
"32",1988,"Planted",273.982982,"Corn"
"33",1987,"Planted",267.8452,"Corn"
"34",1986,"Planted",309.84268,"Corn"
"35",1985,"Planted",337.428308,"Corn"
"36",1984,"Planted",325.771782,"Corn"
"37",1983,"Planted",243.597522,"Corn"
"38",1982,"Planted",331.193422,"Corn"
"39",1981,"Planted",340.256462,"Corn"
"40",1980,"Planted",340.037978,"Corn"
"41",1979,"Planted",329.320124,"Corn"
"42",1978,"Planted",330.45705,"Corn"
"43",1977,"Planted",341.191088,"Corn"
"44",1976,"Planted",342.243048,"Corn"
"45",1975,"Planted",318.497074,"Corn"
"46",1974,"Planted",315.32501,"Corn"
"47",1973,"Planted",292.335638,"Corn"
"48",1972,"Planted",271.591796,"Corn"
"49",1971,"Planted",300.128234,"Corn"
"50",1970,"Planted",270.527698,"Corn"
"51",1969,"Planted",260.012144,"Corn"
"52",1968,"Planted",263.499796,"Corn"
"53",1967,"Planted",287.897176,"Corn"
"54",1966,"Planted",268.439962,"Corn"
"55",1965,"Planted",263.681866,"Corn"
"56",1964,"Planted",266.319858,"Corn"
"57",1963,"Planted",278.247466,"Corn"
"58",1962,"Planted",263.058782,"Corn"
"59",1961,"Planted",266.708274,"Corn"
"60",1960,"Planted",329.44555,"Corn"
"61",1959,"Planted",334.774132,"Corn"
"62",1958,"Planted",296.778146,"Corn"
"63",1957,"Planted",296.08628,"Corn"
"64",1956,"Planted",314.892088,"Corn"
"65",1955,"Planted",327.450872,"Corn"
"66",1954,"Planted",332.52051,"Corn"
"67",1953,"Planted",330.048404,"Corn"
"68",1952,"Planted",332.70258,"Corn"
"69",1951,"Planted",336.93065,"Corn"
"70",1950,"Planted",335.247514,"Corn"
"71",1949,"Planted",350.941948,"Corn"
"72",1948,"Planted",346.022012,"Corn"
"73",1947,"Planted",344.063748,"Corn"
"74",1946,"Planted",359.681308,"Corn"
"75",1945,"Planted",361.150006,"Corn"
"76",1944,"Planted",386.29185,"Corn"
"77",1943,"Planted",381.703686,"Corn"
"78",1942,"Planted",359.357628,"Corn"
"79",1941,"Planted",351.342502,"Corn"
"80",1940,"Planted",358.847832,"Corn"
"81",1939,"Planted",370.771394,"Corn"
"82",1938,"Planted",382.237758,"Corn"
"83",1937,"Planted",393.166004,"Corn"
"84",1936,"Planted",412.526114,"Corn"
"85",1935,"Planted",404.494804,"Corn"
"86",1934,"Planted",406.877898,"Corn"
"87",1933,"Planted",444.37218,"Corn"
"88",1932,"Planted",457.295104,"Corn"
"89",1931,"Planted",442.486744,"Corn"
"90",1930,"Planted",420.44009,"Corn"
"91",1929,"Planted",401.07998,"Corn"
"92",1928,"Planted",406.214354,"Corn"
"93",1927,"Planted",398.36916,"Corn"
"94",1926,"Planted",403.22436,"Corn"
"95",1925,"Planted",NA,"Corn"
"96",1924,"Planted",NA,"Corn"
"97",1923,"Planted",NA,"Corn"
"98",1922,"Planted",NA,"Corn"
"99",1921,"Planted",NA,"Corn"
"100",1920,"Planted",NA,"Corn"
"101",1919,"Planted",NA,"Corn"
"102",1918,"Planted",NA,"Corn"
"103",1917,"Planted",NA,"Corn"
"104",1916,"Planted",NA,"Corn"
"105",1915,"Planted",NA,"Corn"
"106",1914,"Planted",NA,"Corn"
"107",1913,"Planted",NA,"Corn"
"108",1912,"Planted",NA,"Corn"
"109",1911,"Planted",NA,"Corn"
"110",1910,"Planted",NA,"Corn"
"111",1909,"Planted",NA,"Corn"
"112",1908,"Planted",NA,"Corn"
"113",1907,"Planted",NA,"Corn"
"114",1906,"Planted",NA,"Corn"
"115",1905,"Planted",NA,"Corn"
"116",1904,"Planted",NA,"Corn"
"117",1903,"Planted",NA,"Corn"
"118",1902,"Planted",NA,"Corn"
"119",1901,"Planted",NA,"Corn"
"120",1900,"Planted",NA,"Corn"
"121",1899,"Planted",NA,"Corn"
"122",1898,"Planted",NA,"Corn"
"123",1897,"Planted",NA,"Corn"
"124",1896,"Planted",NA,"Corn"
"125",1895,"Planted",NA,"Corn"
"126",1894,"Planted",NA,"Corn"
"127",1893,"Planted",NA,"Corn"
"128",1892,"Planted",NA,"Corn"
"129",1891,"Planted",NA,"Corn"
"130",1890,"Planted",NA,"Corn"
"131",1889,"Planted",NA,"Corn"
"132",1888,"Planted",NA,"Corn"
"133",1887,"Planted",NA,"Corn"
"134",1886,"Planted",NA,"Corn"
"135",1885,"Planted",NA,"Corn"
"136",1884,"Planted",NA,"Corn"
"137",1883,"Planted",NA,"Corn"
"138",1882,"Planted",NA,"Corn"
"139",1881,"Planted",NA,"Corn"
"140",1880,"Planted",NA,"Corn"
"141",1879,"Planted",NA,"Corn"
"142",1878,"Planted",NA,"Corn"
"143",1877,"Planted",NA,"Corn"
"144",1876,"Planted",NA,"Corn"
"145",1875,"Planted",NA,"Corn"
"146",1874,"Planted",NA,"Corn"
"147",1873,"Planted",NA,"Corn"
"148",1872,"Planted",NA,"Corn"
"149",1871,"Planted",NA,"Corn"
"150",1870,"Planted",NA,"Corn"
"151",1869,"Planted",NA,"Corn"
"152",1868,"Planted",NA,"Corn"
"153",1867,"Planted",NA,"Corn"
"154",1866,"Planted",NA,"Corn"
"155",2019,"Harvested",329.676172,"Corn"
"156",2018,"Harvested",328.842696,"Corn"
"157",2017,"Harvested",334.737718,"Corn"
"158",2016,"Harvested",350.982408,"Corn"
"159",2015,"Harvested",326.726638,"Corn"
"160",2014,"Harvested",336.408716,"Corn"
"161",2013,"Harvested",353.867206,"Corn"
"162",2012,"Harvested",353.47879,"Corn"
"163",2011,"Harvested",339.374434,"Corn"
"164",2010,"Harvested",329.530516,"Corn"
"165",2009,"Harvested",321.61654,"Corn"
"166",2008,"Harvested",317.89422,"Corn"
"167",2007,"Harvested",350.05992,"Corn"
"168",2006,"Harvested",285.801348,"Corn"
"169",2005,"Harvested",303.923382,"Corn"
"170",2004,"Harvested",297.911026,"Corn"
"171",2003,"Harvested",287.039424,"Corn"
"172",2002,"Harvested",280.50918,"Corn"
"173",2001,"Harvested",278.235328,"Corn"
"174",2000,"Harvested",293.09224,"Corn"
"175",1999,"Harvested",285.190402,"Corn"
"176",1998,"Harvested",293.695094,"Corn"
"177",1997,"Harvested",294.026866,"Corn"
"178",1996,"Harvested",293.917624,"Corn"
"179",1995,"Harvested",263.83966,"Corn"
"180",1994,"Harvested",293.391644,"Corn"
"181",1993,"Harvested",254.626918,"Corn"
"182",1992,"Harvested",291.623542,"Corn"
"183",1991,"Harvested",278.453812,"Corn"
"184",1990,"Harvested",270.887792,"Corn"
"185",1989,"Harvested",262.112018,"Corn"
"186",1988,"Harvested",235.6795,"Corn"
"187",1987,"Harvested",240.75723,"Corn"
"188",1986,"Harvested",278.797722,"Corn"
"189",1985,"Harvested",304.295614,"Corn"
"190",1984,"Harvested",290.895262,"Corn"
"191",1983,"Harvested",208.284034,"Corn"
"192",1982,"Harvested",294.221074,"Corn"
"193",1981,"Harvested",301.524104,"Corn"
"194",1980,"Harvested",295.200206,"Corn"
"195",1979,"Harvested",292.9304,"Corn"
"196",1978,"Harvested",291.02878,"Corn"
"197",1977,"Harvested",289.750244,"Corn"
"198",1976,"Harvested",289.313276,"Corn"
"199",1975,"Harvested",273.61075,"Corn"
"200",1974,"Harvested",264.62863,"Corn"
"201",1973,"Harvested",251.430578,"Corn"
"202",1972,"Harvested",232.697598,"Corn"
"203",1971,"Harvested",259.441658,"Corn"
"204",1970,"Harvested",232.070468,"Corn"
"205",1969,"Harvested",220.806404,"Corn"
"206",1968,"Harvested",226.49508,"Corn"
"207",1967,"Harvested",245.567924,"Corn"
"208",1966,"Harvested",230.630092,"Corn"
"209",1965,"Harvested",224.116032,"Corn"
"210",1964,"Harvested",224.022974,"Corn"
"211",1963,"Harvested",239.632442,"Corn"
"212",1962,"Harvested",225.467396,"Corn"
"213",1961,"Harvested",233.187164,"Corn"
"214",1960,"Harvested",288.973412,"Corn"
"215",1959,"Harvested",291.680186,"Corn"
"216",1958,"Harvested",257.119254,"Corn"
"217",1957,"Harvested",255.16099,"Corn"
"218",1956,"Harvested",262.492342,"Corn"
"219",1955,"Harvested",276.997252,"Corn"
"220",1954,"Harvested",277.830728,"Corn"
"221",1953,"Harvested",286.205948,"Corn"
"222",1952,"Harvested",288.694238,"Corn"
"223",1951,"Harvested",288.038786,"Corn"
"224",1950,"Harvested",292.922308,"Corn"
"225",1949,"Harvested",311.970876,"Corn"
"226",1948,"Harvested",310.89464,"Corn"
"227",1947,"Harvested",298.602892,"Corn"
"228",1946,"Harvested",317.24686,"Corn"
"229",1945,"Harvested",315.296688,"Corn"
"230",1944,"Harvested",343.918092,"Corn"
"231",1943,"Harvested",331.391676,"Corn"
"232",1942,"Harvested",320.495798,"Corn"
"233",1941,"Harvested",313.176584,"Corn"
"234",1940,"Harvested",309.288378,"Corn"
"235",1939,"Harvested",316.830122,"Corn"
"236",1938,"Harvested",334.960248,"Corn"
"237",1937,"Harvested",328.624212,"Corn"
"238",1936,"Harvested",274.452318,"Corn"
"239",1935,"Harvested",334.001346,"Corn"
"240",1934,"Harvested",247.79727,"Corn"
"241",1933,"Harvested",372.75798,"Corn"
"242",1932,"Harvested",393.323798,"Corn"
"243",1931,"Harvested",368.716026,"Corn"
"244",1930,"Harvested",346.03415,"Corn"
"245",1929,"Harvested",336.602924,"Corn"
"246",1928,"Harvested",347.276272,"Corn"
"247",1927,"Harvested",339.52009,"Corn"
"248",1926,"Harvested",336.93065,"Corn"
"249",1925,"Harvested",351.29395,"Corn"
"250",1924,"Harvested",340.345474,"Corn"
"251",1923,"Harvested",353.996678,"Corn"
"252",1922,"Harvested",343.335468,"Corn"
"253",1921,"Harvested",371.985194,"Corn"
"254",1920,"Harvested",364.742854,"Corn"
"255",1919,"Harvested",353.972402,"Corn"
"256",1918,"Harvested",413.48097,"Corn"
"257",1917,"Harvested",448.673078,"Corn"
"258",1916,"Harvested",406.869806,"Corn"
"259",1915,"Harvested",407.120658,"Corn"
"260",1914,"Harvested",395.682616,"Corn"
"261",1913,"Harvested",405.433476,"Corn"
"262",1912,"Harvested",410.470746,"Corn"
"263",1911,"Harvested",410.236078,"Corn"
"264",1910,"Harvested",413.772282,"Corn"
"265",1909,"Harvested",405.4092,"Corn"
"266",1908,"Harvested",385.52311,"Corn"
"267",1907,"Harvested",388.796324,"Corn"
"268",1906,"Harvested",386.894704,"Corn"
"269",1905,"Harvested",387.388316,"Corn"
"270",1904,"Harvested",385.292488,"Corn"
"271",1903,"Harvested",378.52353,"Corn"
"272",1902,"Harvested",393.178142,"Corn"
"273",1901,"Harvested",382.031412,"Corn"
"274",1900,"Harvested",383.771192,"Corn"
"275",1899,"Harvested",382.715186,"Corn"
"276",1898,"Harvested",355.174064,"Corn"
"277",1897,"Harvested",363.99839,"Corn"
"278",1896,"Harvested",360.393404,"Corn"
"279",1895,"Harvested",366.078034,"Corn"
"280",1894,"Harvested",323.959174,"Corn"
"281",1893,"Harvested",323.000272,"Corn"
"282",1892,"Harvested",311.194044,"Corn"
"283",1891,"Harvested",319.04733,"Corn"
"284",1890,"Harvested",302.58011,"Corn"
"285",1889,"Harvested",314.196176,"Corn"
"286",1888,"Harvested",313.459804,"Corn"
"287",1887,"Harvested",296.555616,"Corn"
"288",1886,"Harvested",299.043906,"Corn"
"289",1885,"Harvested",290.721284,"Corn"
"290",1884,"Harvested",278.502364,"Corn"
"291",1883,"Harvested",275.807728,"Corn"
"292",1882,"Harvested",267.671222,"Corn"
"293",1881,"Harvested",255.003196,"Corn"
"294",1880,"Harvested",253.05707,"Corn"
"295",1879,"Harvested",251.778534,"Corn"
"296",1878,"Harvested",241.380314,"Corn"
"297",1877,"Harvested",237.900754,"Corn"
"298",1876,"Harvested",223.650742,"Corn"
"299",1875,"Harvested",212.196516,"Corn"
"300",1874,"Harvested",192.75144,"Corn"
"301",1873,"Harvested",178.363864,"Corn"
"302",1872,"Harvested",176.340864,"Corn"
"303",1871,"Harvested",169.940092,"Corn"
"304",1870,"Harvested",155.317848,"Corn"
"305",1869,"Harvested",144.980318,"Corn"
"306",1868,"Harvested",142.079336,"Corn"
"307",1867,"Harvested",129.941336,"Corn"
"308",1866,"Harvested",121.448782,"Corn"
"309",2019,"Planted",182.709268,"Wheat"
"310",2018,"Planted",193.45949,"Wheat"
"311",2017,"Planted",186.326392,"Wheat"
"312",2016,"Planted",202.769336,"Wheat"
"313",2015,"Planted",222.525954,"Wheat"
"314",2014,"Planted",229.978686,"Wheat"
"315",2013,"Planted",227.530856,"Wheat"
"316",2012,"Planted",223.719524,"Wheat"
"317",2011,"Planted",219.604742,"Wheat"
"318",2010,"Planted",212.90052,"Wheat"
"319",2009,"Planted",238.782782,"Wheat"
"320",2008,"Planted",257.394382,"Wheat"
"321",2007,"Planted",244.62116,"Wheat"
"322",2006,"Planted",231.973364,"Wheat"
"323",2005,"Planted",231.487844,"Wheat"
"324",2004,"Planted",241.319624,"Wheat"
"325",2003,"Planted",251.422486,"Wheat"
"326",2002,"Planted",244.046628,"Wheat"
"327",2001,"Planted",240.461872,"Wheat"
"328",2000,"Planted",253.073254,"Wheat"
"329",1999,"Planted",253.538544,"Wheat"
"330",1998,"Planted",266.311766,"Wheat"
"331",1997,"Planted",284.886952,"Wheat"
"332",1996,"Planted",303.87483,"Wheat"
"333",1995,"Planted",279.299426,"Wheat"
"334",1994,"Planted",284.632054,"Wheat"
"335",1993,"Planted",291.991728,"Wheat"
"336",1992,"Planted",292.198074,"Wheat"
"337",1991,"Planted",282.738526,"Wheat"
"338",1990,"Planted",311.707886,"Wheat"
"339",1989,"Planted",309.98429,"Wheat"
"340",1988,"Planted",265.130334,"Wheat"
"341",1987,"Planted",266.344134,"Wheat"
"342",1986,"Planted",291.303908,"Wheat"
"343",1985,"Planted",305.61461,"Wheat"
"344",1984,"Planted",320.495798,"Wheat"
"345",1983,"Planted",309.191274,"Wheat"
"346",1982,"Planted",348.894672,"Wheat"
"347",1981,"Planted",357.063546,"Wheat"
"348",1980,"Planted",326.868248,"Wheat"
"349",1979,"Planted",288.981504,"Wheat"
"350",1978,"Planted",266.991494,"Wheat"
"351",1977,"Planted",305.10886,"Wheat"
"352",1976,"Planted",325.27817,"Wheat"
"353",1975,"Planted",303.0454,"Wheat"
"354",1974,"Planted",287.444024,"Wheat"
"355",1973,"Planted",239.741684,"Wheat"
"356",1972,"Planted",222.177998,"Wheat"
"357",1971,"Planted",217.763812,"Wheat"
"358",1970,"Planted",197.197994,"Wheat"
"359",1969,"Planted",216.2587,"Wheat"
"360",1968,"Planted",250.28556,"Wheat"
"361",1967,"Planted",272.150144,"Wheat"
"362",1966,"Planted",218.90883,"Wheat"
"363",1965,"Planted",232.082606,"Wheat"
"364",1964,"Planted",225.248912,"Wheat"
"365",1963,"Planted",215.910744,"Wheat"
"366",1962,"Planted",199.362604,"Wheat"
"367",1961,"Planted",225.390522,"Wheat"
"368",1960,"Planted",222.149676,"Wheat"
"369",1959,"Planted",229.432476,"Wheat"
"370",1958,"Planted",226.644782,"Wheat"
"371",1957,"Planted",201.664778,"Wheat"
"372",1956,"Planted",245.41013,"Wheat"
"373",1955,"Planted",235.663316,"Wheat"
"374",1954,"Planted",253.032794,"Wheat"
"375",1953,"Planted",319.354826,"Wheat"
"376",1952,"Planted",318.19767,"Wheat"
"377",1951,"Planted",317.708104,"Wheat"
"378",1950,"Planted",288.427202,"Wheat"
"379",1949,"Planted",339.47963,"Wheat"
"380",1948,"Planted",316.98387,"Wheat"
"381",1947,"Planted",316.858444,"Wheat"
"382",1946,"Planted",289.604588,"Wheat"
"383",1945,"Planted",279.950832,"Wheat"
"384",1944,"Planted",267.80474,"Wheat"
"385",1943,"Planted",226.511264,"Wheat"
"386",1942,"Planted",214.438,"Wheat"
"387",1941,"Planted",253.712522,"Wheat"
"388",1940,"Planted",250.12372,"Wheat"
"389",1939,"Planted",254.096892,"Wheat"
"390",1938,"Planted",319.557126,"Wheat"
"391",1937,"Planted",326.973444,"Wheat"
"392",1936,"Planted",299.28262,"Wheat"
"393",1935,"Planted",281.646106,"Wheat"
"394",1934,"Planted",259.202944,"Wheat"
"395",1933,"Planted",279.210414,"Wheat"
"396",1932,"Planted",268.172926,"Wheat"
"397",1931,"Planted",268.909298,"Wheat"
"398",1930,"Planted",273.343714,"Wheat"
"399",1929,"Planted",271.798142,"Wheat"
"400",1928,"Planted",287.880992,"Wheat"
"401",1927,"Planted",265.664406,"Wheat"
"402",1926,"Planted",245.640752,"Wheat"
"403",1925,"Planted",249.791948,"Wheat"
"404",1924,"Planted",225.386476,"Wheat"
"405",1923,"Planted",261.33114,"Wheat"
"406",1922,"Planted",271.741498,"Wheat"
"407",1921,"Planted",273.837326,"Wheat"
"408",1920,"Planted",275.034942,"Wheat"
"409",1919,"Planted",313.32224,"Wheat"
"410",1918,"Planted",NA,"Wheat"
"411",1917,"Planted",NA,"Wheat"
"412",1916,"Planted",NA,"Wheat"
"413",1915,"Planted",NA,"Wheat"
"414",1914,"Planted",NA,"Wheat"
"415",1913,"Planted",NA,"Wheat"
"416",1912,"Planted",NA,"Wheat"
"417",1911,"Planted",NA,"Wheat"
"418",1910,"Planted",NA,"Wheat"
"419",1909,"Planted",NA,"Wheat"
"420",1908,"Planted",NA,"Wheat"
"421",1907,"Planted",NA,"Wheat"
"422",1906,"Planted",NA,"Wheat"
"423",1905,"Planted",NA,"Wheat"
"424",1904,"Planted",NA,"Wheat"
"425",1903,"Planted",NA,"Wheat"
"426",1902,"Planted",NA,"Wheat"
"427",1901,"Planted",NA,"Wheat"
"428",1900,"Planted",NA,"Wheat"
"429",1899,"Planted",NA,"Wheat"
"430",1898,"Planted",NA,"Wheat"
"431",1897,"Planted",NA,"Wheat"
"432",1896,"Planted",NA,"Wheat"
"433",1895,"Planted",NA,"Wheat"
"434",1894,"Planted",NA,"Wheat"
"435",1893,"Planted",NA,"Wheat"
"436",1892,"Planted",NA,"Wheat"
"437",1891,"Planted",NA,"Wheat"
"438",1890,"Planted",NA,"Wheat"
"439",1889,"Planted",NA,"Wheat"
"440",1888,"Planted",NA,"Wheat"
"441",1887,"Planted",NA,"Wheat"
"442",1886,"Planted",NA,"Wheat"
"443",1885,"Planted",NA,"Wheat"
"444",1884,"Planted",NA,"Wheat"
"445",1883,"Planted",NA,"Wheat"
"446",1882,"Planted",NA,"Wheat"
"447",1881,"Planted",NA,"Wheat"
"448",1880,"Planted",NA,"Wheat"
"449",1879,"Planted",NA,"Wheat"
"450",1878,"Planted",NA,"Wheat"
"451",1877,"Planted",NA,"Wheat"
"452",1876,"Planted",NA,"Wheat"
"453",1875,"Planted",NA,"Wheat"
"454",1874,"Planted",NA,"Wheat"
"455",1873,"Planted",NA,"Wheat"
"456",1872,"Planted",NA,"Wheat"
"457",1871,"Planted",NA,"Wheat"
"458",1870,"Planted",NA,"Wheat"
"459",1869,"Planted",NA,"Wheat"
"460",1868,"Planted",NA,"Wheat"
"461",1867,"Planted",NA,"Wheat"
"462",1866,"Planted",NA,"Wheat"
"463",2019,"Harvested",150.357452,"Wheat"
"464",2018,"Harvested",160.270152,"Wheat"
"465",2017,"Harvested",151.94753,"Wheat"
"466",2016,"Harvested",177.409008,"Wheat"
"467",2015,"Harvested",191.448628,"Wheat"
"468",2014,"Harvested",187.67371,"Wheat"
"469",2013,"Harvested",183.413272,"Wheat"
"470",2012,"Harvested",197.274868,"Wheat"
"471",2011,"Harvested",184.849602,"Wheat"
"472",2010,"Harvested",189.688618,"Wheat"
"473",2009,"Harvested",201.656686,"Wheat"
"474",2008,"Harvested",226.721656,"Wheat"
"475",2007,"Harvested",206.341954,"Wheat"
"476",2006,"Harvested",189.3528,"Wheat"
"477",2005,"Harvested",202.720784,"Wheat"
"478",2004,"Harvested",202.174574,"Wheat"
"479",2003,"Harvested",214.692898,"Wheat"
"480",2002,"Harvested",185.403904,"Wheat"
"481",2001,"Harvested",196.121758,"Wheat"
"482",2000,"Harvested",214.692898,"Wheat"
"483",1999,"Harvested",217.565558,"Wheat"
"484",1998,"Harvested",238.722092,"Wheat"
"485",1997,"Harvested",254.25064,"Wheat"
"486",1996,"Harvested",254.165674,"Wheat"
"487",1995,"Harvested",246.62393,"Wheat"
"488",1994,"Harvested",249.92142,"Wheat"
"489",1993,"Harvested",253.732752,"Wheat"
"490",1992,"Harvested",253.931006,"Wheat"
"491",1991,"Harvested",233.870938,"Wheat"
"492",1990,"Harvested",279.590738,"Wheat"
"493",1989,"Harvested",251.616694,"Wheat"
"494",1988,"Harvested",215.202694,"Wheat"
"495",1987,"Harvested",226.35347,"Wheat"
"496",1986,"Harvested",245.543648,"Wheat"
"497",1985,"Harvested",261.792384,"Wheat"
"498",1984,"Harvested",270.790688,"Wheat"
"499",1983,"Harvested",248.38394,"Wheat"
"500",1982,"Harvested",315.333102,"Wheat"
"501",1981,"Harvested",326.277532,"Wheat"
"502",1980,"Harvested",287.77175,"Wheat"
"503",1979,"Harvested",252.688884,"Wheat"
"504",1978,"Harvested",228.57877,"Wheat"
"505",1977,"Harvested",269.811556,"Wheat"
"506",1976,"Harvested",286.970642,"Wheat"
"507",1975,"Harvested",281.192954,"Wheat"
"508",1974,"Harvested",264.478928,"Wheat"
"509",1973,"Harvested",219.082808,"Wheat"
"510",1972,"Harvested",191.387938,"Wheat"
"511",1971,"Harvested",192.93351,"Wheat"
"512",1970,"Harvested",176.259944,"Wheat"
"513",1969,"Harvested",190.752716,"Wheat"
"514",1968,"Harvested",221.57919,"Wheat"
"515",1967,"Harvested",236.096238,"Wheat"
"516",1966,"Harvested",200.734198,"Wheat"
"517",1965,"Harvested",200.51976,"Wheat"
"518",1964,"Harvested",201.337052,"Wheat"
"519",1963,"Harvested",184.117276,"Wheat"
"520",1962,"Harvested",176.761648,"Wheat"
"521",1961,"Harvested",208.656266,"Wheat"
"522",1960,"Harvested",209.902434,"Wheat"
"523",1959,"Harvested",209.242936,"Wheat"
"524",1958,"Harvested",214.628162,"Wheat"
"525",1957,"Harvested",177.028684,"Wheat"
"526",1956,"Harvested",201.361328,"Wheat"
"527",1955,"Harvested",191.33534,"Wheat"
"528",1954,"Harvested",219.924376,"Wheat"
"529",1953,"Harvested",274.48064,"Wheat"
"530",1952,"Harvested",287.79198,"Wheat"
"531",1951,"Harvested",250.338158,"Wheat"
"532",1950,"Harvested",249.261922,"Wheat"
"533",1949,"Harvested",307.13186,"Wheat"
"534",1948,"Harvested",293.003228,"Wheat"
"535",1947,"Harvested",301.503874,"Wheat"
"536",1946,"Harvested",271.50683,"Wheat"
"537",1945,"Harvested",263.665682,"Wheat"
"538",1944,"Harvested",241.744454,"Wheat"
"539",1943,"Harvested",207.78233,"Wheat"
"540",1942,"Harvested",201.381558,"Wheat"
"541",1941,"Harvested",226.31301,"Wheat"
"542",1940,"Harvested",215.542558,"Wheat"
"543",1939,"Harvested",213.098774,"Wheat"
"544",1938,"Harvested",279.971062,"Wheat"
"545",1937,"Harvested",259.627774,"Wheat"
"546",1936,"Harvested",198.75975,"Wheat"
"547",1935,"Harvested",207.58003,"Wheat"
"548",1934,"Harvested",175.381962,"Wheat"
"549",1933,"Harvested",199.969504,"Wheat"
"550",1932,"Harvested",234.065146,"Wheat"
"551",1931,"Harvested",233.470384,"Wheat"
"552",1930,"Harvested",253.429302,"Wheat"
"553",1929,"Harvested",256.484032,"Wheat"
"554",1928,"Harvested",239.628396,"Wheat"
"555",1927,"Harvested",241.254888,"Wheat"
"556",1926,"Harvested",229.068336,"Wheat"
"557",1925,"Harvested",212.184378,"Wheat"
"558",1924,"Harvested",212.265298,"Wheat"
"559",1923,"Harvested",230.29832,"Wheat"
"560",1922,"Harvested",248.412262,"Wheat"
"561",1921,"Harvested",261.234036,"Wheat"
"562",1920,"Harvested",252.300468,"Wheat"
"563",1919,"Harvested",298.1902,"Wheat"
"564",1918,"Harvested",247.081128,"Wheat"
"565",1917,"Harvested",189.300202,"Wheat"
"566",1916,"Harvested",216.50146,"Wheat"
"567",1915,"Harvested",243.985938,"Wheat"
"568",1914,"Harvested",225.010198,"Wheat"
"569",1913,"Harvested",210.440552,"Wheat"
"570",1912,"Harvested",195.878998,"Wheat"
"571",1911,"Harvested",201.871124,"Wheat"
"572",1910,"Harvested",185.278478,"Wheat"
"573",1909,"Harvested",179.084052,"Wheat"
"574",1908,"Harvested",182.482692,"Wheat"
"575",1907,"Harvested",178.586394,"Wheat"
"576",1906,"Harvested",187.04658,"Wheat"
"577",1905,"Harvested",187.354076,"Wheat"
"578",1904,"Harvested",174.60513,"Wheat"
"579",1903,"Harvested",196.052976,"Wheat"
"580",1902,"Harvested",187.103224,"Wheat"
"581",1901,"Harvested",205.726962,"Wheat"
"582",1900,"Harvested",199.075338,"Wheat"
"583",1899,"Harvested",211.775732,"Wheat"
"584",1898,"Harvested",204.347276,"Wheat"
"585",1897,"Harvested",175.648998,"Wheat"
"586",1896,"Harvested",165.190088,"Wheat"
"587",1895,"Harvested",157.785908,"Wheat"
"588",1894,"Harvested",162.515682,"Wheat"
"589",1893,"Harvested",165.03634,"Wheat"
"590",1892,"Harvested",173.893034,"Wheat"
"591",1891,"Harvested",166.25014,"Wheat"
"592",1890,"Harvested",148.431556,"Wheat"
"593",1889,"Harvested",146.052508,"Wheat"
"594",1888,"Harvested",141.484574,"Wheat"
"595",1887,"Harvested",149.188158,"Wheat"
"596",1886,"Harvested",146.918352,"Wheat"
"597",1885,"Harvested",141.99437,"Wheat"
"598",1884,"Harvested",155.71031,"Wheat"
"599",1883,"Harvested",143.985002,"Wheat"
"600",1882,"Harvested",147.662816,"Wheat"
"601",1881,"Harvested",148.87257,"Wheat"
"602",1880,"Harvested",154.136416,"Wheat"
"603",1879,"Harvested",143.013962,"Wheat"
"604",1878,"Harvested",135.051434,"Wheat"
"605",1877,"Harvested",113.138298,"Wheat"
"606",1876,"Harvested",114.433018,"Wheat"
"607",1875,"Harvested",114.833572,"Wheat"
"608",1874,"Harvested",110.49626,"Wheat"
"609",1873,"Harvested",100.607836,"Wheat"
"610",1872,"Harvested",92.904252,"Wheat"
"611",1871,"Harvested",89.94258,"Wheat"
"612",1870,"Harvested",84.74347,"Wheat"
"613",1869,"Harvested",85.750924,"Wheat"
"614",1868,"Harvested",77.44044,"Wheat"
"615",1867,"Harvested",67.721948,"Wheat"
"616",1866,"Harvested",62.340768,"Wheat"
"617",1866,"Harvested",41.261108,"OtherGrain"
"618",1866,"Planted",NA,"OtherGrain"
"619",1867,"Harvested",44.032618,"OtherGrain"
"620",1867,"Planted",NA,"OtherGrain"
"621",1868,"Harvested",46.856726,"OtherGrain"
"622",1868,"Planted",NA,"OtherGrain"
"623",1869,"Harvested",50.267504,"OtherGrain"
"624",1869,"Planted",NA,"OtherGrain"
"625",1870,"Harvested",53.560948,"OtherGrain"
"626",1870,"Planted",NA,"OtherGrain"
"627",1871,"Harvested",56.631862,"OtherGrain"
"628",1871,"Planted",NA,"OtherGrain"
"629",1872,"Harvested",59.771558,"OtherGrain"
"630",1872,"Planted",NA,"OtherGrain"
"631",1873,"Harvested",60.835656,"OtherGrain"
"632",1873,"Planted",NA,"OtherGrain"
"633",1874,"Harvested",64.618666,"OtherGrain"
"634",1874,"Planted",NA,"OtherGrain"
"635",1875,"Harvested",68.64039,"OtherGrain"
"636",1875,"Planted",NA,"OtherGrain"
"637",1876,"Harvested",74.171272,"OtherGrain"
"638",1876,"Planted",NA,"OtherGrain"
"639",1877,"Harvested",75.344612,"OtherGrain"
"640",1877,"Planted",NA,"OtherGrain"
"641",1878,"Harvested",79.232818,"OtherGrain"
"642",1878,"Planted",NA,"OtherGrain"
"643",1879,"Harvested",79.730476,"OtherGrain"
"644",1879,"Planted",NA,"OtherGrain"
"645",1880,"Harvested",81.551176,"OtherGrain"
"646",1880,"Planted",NA,"OtherGrain"
"647",1881,"Harvested",84.423836,"OtherGrain"
"648",1881,"Planted",NA,"OtherGrain"
"649",1882,"Harvested",95.441094,"OtherGrain"
"650",1882,"Planted",NA,"OtherGrain"
"651",1883,"Harvested",102.032028,"OtherGrain"
"652",1883,"Planted",NA,"OtherGrain"
"653",1884,"Harvested",108.303328,"OtherGrain"
"654",1884,"Planted",NA,"OtherGrain"
"655",1885,"Harvested",113.73306,"OtherGrain"
"656",1885,"Planted",NA,"OtherGrain"
"657",1886,"Harvested",118.835066,"OtherGrain"
"658",1886,"Planted",NA,"OtherGrain"
"659",1887,"Harvested",127.50969,"OtherGrain"
"660",1887,"Planted",NA,"OtherGrain"
"661",1888,"Harvested",134.614466,"OtherGrain"
"662",1888,"Planted",NA,"OtherGrain"
"663",1889,"Harvested",138.765662,"OtherGrain"
"664",1889,"Planted",NA,"OtherGrain"
"665",1890,"Harvested",136.111486,"OtherGrain"
"666",1890,"Planted",NA,"OtherGrain"
"667",1891,"Harvested",135.646196,"OtherGrain"
"668",1891,"Planted",NA,"OtherGrain"
"669",1892,"Harvested",138.632144,"OtherGrain"
"670",1892,"Planted",NA,"OtherGrain"
"671",1893,"Harvested",142.083382,"OtherGrain"
"672",1893,"Planted",NA,"OtherGrain"
"673",1894,"Harvested",143.070606,"OtherGrain"
"674",1894,"Planted",NA,"OtherGrain"
"675",1895,"Harvested",151.68454,"OtherGrain"
"676",1895,"Planted",NA,"OtherGrain"
"677",1896,"Harvested",149.612988,"OtherGrain"
"678",1896,"Planted",NA,"OtherGrain"
"679",1897,"Harvested",142.710512,"OtherGrain"
"680",1897,"Planted",NA,"OtherGrain"
"681",1898,"Harvested",144.215624,"OtherGrain"
"682",1898,"Planted",NA,"OtherGrain"
"683",1899,"Harvested",144.78611,"OtherGrain"
"684",1899,"Planted",NA,"OtherGrain"
"685",1900,"Harvested",153.258434,"OtherGrain"
"686",1900,"Planted",NA,"OtherGrain"
"687",1901,"Harvested",154.812098,"OtherGrain"
"688",1901,"Planted",NA,"OtherGrain"
"689",1902,"Harvested",158.910696,"OtherGrain"
"690",1902,"Planted",NA,"OtherGrain"
"691",1903,"Harvested",164.583188,"OtherGrain"
"692",1903,"Planted",NA,"OtherGrain"
"693",1904,"Harvested",168.042518,"OtherGrain"
"694",1904,"Planted",NA,"OtherGrain"
"695",1905,"Harvested",171.473526,"OtherGrain"
"696",1905,"Planted",NA,"OtherGrain"
"697",1906,"Harvested",172.302956,"OtherGrain"
"698",1906,"Planted",NA,"OtherGrain"
"699",1907,"Harvested",175.458836,"OtherGrain"
"700",1907,"Planted",NA,"OtherGrain"
"701",1908,"Harvested",177.413054,"OtherGrain"
"702",1908,"Planted",NA,"OtherGrain"
"703",1909,"Harvested",181.952666,"OtherGrain"
"704",1909,"Planted",NA,"OtherGrain"
"705",1910,"Harvested",188.753992,"OtherGrain"
"706",1910,"Planted",NA,"OtherGrain"
"707",1911,"Harvested",191.027844,"OtherGrain"
"708",1911,"Planted",NA,"OtherGrain"
"709",1912,"Harvested",192.22546,"OtherGrain"
"710",1912,"Planted",NA,"OtherGrain"
"711",1913,"Harvested",194.236322,"OtherGrain"
"712",1913,"Planted",NA,"OtherGrain"
"713",1914,"Harvested",194.24846,"OtherGrain"
"714",1914,"Planted",NA,"OtherGrain"
"715",1915,"Harvested",200.268908,"OtherGrain"
"716",1915,"Planted",NA,"OtherGrain"
"717",1916,"Harvested",203.307454,"OtherGrain"
"718",1916,"Planted",NA,"OtherGrain"
"719",1917,"Harvested",223.019566,"OtherGrain"
"720",1917,"Planted",NA,"OtherGrain"
"721",1918,"Harvested",236.169066,"OtherGrain"
"722",1918,"Planted",NA,"OtherGrain"
"723",1919,"Harvested",215.922882,"OtherGrain"
"724",1919,"Planted",NA,"OtherGrain"
"725",1920,"Harvested",222.586644,"OtherGrain"
"726",1920,"Planted",NA,"OtherGrain"
"727",1921,"Harvested",232.555988,"OtherGrain"
"728",1921,"Planted",NA,"OtherGrain"
"729",1922,"Harvested",217.24997,"OtherGrain"
"730",1922,"Planted",NA,"OtherGrain"
"731",1923,"Harvested",211.775732,"OtherGrain"
"732",1923,"Planted",NA,"OtherGrain"
"733",1924,"Harvested",213.782548,"OtherGrain"
"734",1924,"Planted",NA,"OtherGrain"
"735",1925,"Harvested",227.518718,"OtherGrain"
"736",1925,"Planted",NA,"OtherGrain"
"737",1926,"Harvested",219.285108,"OtherGrain"
"738",1926,"Planted",NA,"OtherGrain"
"739",1927,"Harvested",215.574926,"OtherGrain"
"740",1927,"Planted",NA,"OtherGrain"
"741",1928,"Harvested",227.316418,"OtherGrain"
"742",1928,"Planted",NA,"OtherGrain"
"743",1929,"Harvested",236.197388,"OtherGrain"
"744",1929,"Planted",NA,"OtherGrain"
"745",1930,"Harvested",241.137554,"OtherGrain"
"746",1930,"Planted",NA,"OtherGrain"
"747",1931,"Harvested",238.616896,"OtherGrain"
"748",1931,"Planted",300.751318,"OtherGrain"
"749",1932,"Harvested",253.506176,"OtherGrain"
"750",1932,"Planted",313.86845,"OtherGrain"
"751",1933,"Harvested",214.146688,"OtherGrain"
"752",1933,"Planted",304.62334,"OtherGrain"
"753",1934,"Harvested",163.252054,"OtherGrain"
"754",1934,"Planted",293.561576,"OtherGrain"
"755",1935,"Harvested",247.647568,"OtherGrain"
"756",1935,"Planted",324.719822,"OtherGrain"
"757",1936,"Harvested",192.06362,"OtherGrain"
"758",1936,"Planted",301.718312,"OtherGrain"
"759",1937,"Harvested",219.499546,"OtherGrain"
"760",1937,"Planted",292.966814,"OtherGrain"
"761",1938,"Harvested",224.302148,"OtherGrain"
"762",1938,"Planted",298.497696,"OtherGrain"
"763",1939,"Harvested",221.643926,"OtherGrain"
"764",1939,"Planted",318.76411,"OtherGrain"
"765",1940,"Harvested",236.828564,"OtherGrain"
"766",1940,"Planted",330.663396,"OtherGrain"
"767",1941,"Harvested",250.95315,"OtherGrain"
"768",1941,"Planted",334.365486,"OtherGrain"
"769",1942,"Harvested",262.739148,"OtherGrain"
"770",1942,"Planted",344.545222,"OtherGrain"
"771",1943,"Harvested",256.33433,"OtherGrain"
"772",1943,"Planted",339.774988,"OtherGrain"
"773",1944,"Harvested",257.16376,"OtherGrain"
"774",1944,"Planted",329.206836,"OtherGrain"
"775",1945,"Harvested",244.244882,"OtherGrain"
"776",1945,"Planted",313.94937,"OtherGrain"
"777",1946,"Harvested",248.659068,"OtherGrain"
"778",1946,"Planted",306.055624,"OtherGrain"
"779",1947,"Harvested",227.712926,"OtherGrain"
"780",1947,"Planted",279.149724,"OtherGrain"
"781",1948,"Harvested",245.02576,"OtherGrain"
"782",1948,"Planted",298.75664,"OtherGrain"
"783",1949,"Harvested",225.855812,"OtherGrain"
"784",1949,"Planted",277.640566,"OtherGrain"
"785",1950,"Harvested",253.11776,"OtherGrain"
"786",1950,"Planted",314.669558,"OtherGrain"
"787",1951,"Harvested",222.218458,"OtherGrain"
"788",1951,"Planted",285.036654,"OtherGrain"
"789",1952,"Harvested",210.258482,"OtherGrain"
"790",1952,"Planted",271.106276,"OtherGrain"
"791",1953,"Harvested",218.245286,"OtherGrain"
"792",1953,"Planted",286.784526,"OtherGrain"
"793",1954,"Harvested",272.837964,"OtherGrain"
"794",1954,"Planted",347.810344,"OtherGrain"
"795",1955,"Harvested",277.11054,"OtherGrain"
"796",1955,"Planted",375.634686,"OtherGrain"
"797",1956,"Harvested",230.694828,"OtherGrain"
"798",1956,"Planted",343.371882,"OtherGrain"
"799",1957,"Harvested",284.583502,"OtherGrain"
"800",1957,"Planted",362.274794,"OtherGrain"
"801",1958,"Harvested",260.396514,"OtherGrain"
"802",1958,"Planted",319.286044,"OtherGrain"
"803",1959,"Harvested",240.69654,"OtherGrain"
"804",1959,"Planted",304.870146,"OtherGrain"
"805",1960,"Harvested",233.587718,"OtherGrain"
"806",1960,"Planted",285.87013,"OtherGrain"
"807",1961,"Harvested",199.14412,"OtherGrain"
"808",1961,"Planted",268.605848,"OtherGrain"
"809",1962,"Harvested",194.786578,"OtherGrain"
"810",1962,"Planted",258.21572,"OtherGrain"
"811",1963,"Harvested",192.015068,"OtherGrain"
"812",1963,"Planted",256.508308,"OtherGrain"
"813",1964,"Harvested",175.895804,"OtherGrain"
"814",1964,"Planted",237.127968,"OtherGrain"
"815",1965,"Harvested",170.70074,"OtherGrain"
"816",1965,"Planted",224.49231,"OtherGrain"
"817",1966,"Harvested",170.805936,"OtherGrain"
"818",1966,"Planted",222.040434,"OtherGrain"
"819",1967,"Harvested",167.467986,"OtherGrain"
"820",1967,"Planted",216.060446,"OtherGrain"
"821",1968,"Harvested",171.250996,"OtherGrain"
"822",1968,"Planted",222.716116,"OtherGrain"
"823",1969,"Harvested",170.967776,"OtherGrain"
"824",1969,"Planted",222.699932,"OtherGrain"
"825",1970,"Harvested",175.195846,"OtherGrain"
"826",1970,"Planted",226.733794,"OtherGrain"
"827",1971,"Harvested",176.818292,"OtherGrain"
"828",1971,"Planted",235.804926,"OtherGrain"
"829",1972,"Harvested",150.984582,"OtherGrain"
"830",1972,"Planted",206.5483,"OtherGrain"
"831",1973,"Harvested",164.75312,"OtherGrain"
"832",1973,"Planted",210.489104,"OtherGrain"
"833",1974,"Harvested",142.140026,"OtherGrain"
"834",1974,"Planted",186.690532,"OtherGrain"
"835",1975,"Harvested",152.882156,"OtherGrain"
"836",1975,"Planted",188.859188,"OtherGrain"
"837",1976,"Harvested",143.463068,"OtherGrain"
"838",1976,"Planted",188.818728,"OtherGrain"
"839",1977,"Harvested",152.481602,"OtherGrain"
"840",1977,"Planted",192.998246,"OtherGrain"
"841",1978,"Harvested",140.43666,"OtherGrain"
"842",1978,"Planted",183.923068,"OtherGrain"
"843",1979,"Harvested",125.26416,"OtherGrain"
"844",1979,"Planted",162.616832,"OtherGrain"
"845",1980,"Harvested",117.65768,"OtherGrain"
"846",1980,"Planted",161.144088,"OtherGrain"
"847",1981,"Harvested",132.737122,"OtherGrain"
"848",1981,"Planted",168.904316,"OtherGrain"
"849",1982,"Harvested",137.90791,"OtherGrain"
"850",1982,"Planted",170.178806,"OtherGrain"
"851",1983,"Harvested",120.069096,"OtherGrain"
"852",1983,"Planted",183.231202,"OtherGrain"
"853",1984,"Harvested",144.50289,"OtherGrain"
"854",1984,"Planted",180.342358,"OtherGrain"
"855",1985,"Harvested",150.624488,"OtherGrain"
"856",1985,"Planted",190.979292,"OtherGrain"
"857",1986,"Harvested",134.881502,"OtherGrain"
"858",1986,"Planted",183.558928,"OtherGrain"
"859",1987,"Harvested",113.478162,"OtherGrain"
"860",1987,"Planted",174.05892,"OtherGrain"
"861",1988,"Harvested",92.260938,"OtherGrain"
"862",1988,"Planted",147.49693,"OtherGrain"
"863",1989,"Harvested",108.359972,"OtherGrain"
"864",1989,"Planted",145.113836,"OtherGrain"
"865",1990,"Harvested",92.81524,"OtherGrain"
"866",1990,"Planted",124.632984,"OtherGrain"
"867",1991,"Harvested",95.056724,"OtherGrain"
"868",1991,"Planted",122.711134,"OtherGrain"
"869",1992,"Harvested",98.002212,"OtherGrain"
"870",1992,"Planted",123.095504,"OtherGrain"
"871",1993,"Harvested",80.325238,"OtherGrain"
"872",1993,"Planted",109.638508,"OtherGrain"
"873",1994,"Harvested",80.774344,"OtherGrain"
"874",1994,"Planted",101.943016,"OtherGrain"
"875",1995,"Harvested",72.297974,"OtherGrain"
"876",1995,"Planted",96.88147,"OtherGrain"
"877",1996,"Harvested",87.061828,"OtherGrain"
"878",1996,"Planted",106.353156,"OtherGrain"
"879",1997,"Harvested",74.79031,"OtherGrain"
"880",1997,"Planted",93.972396,"OtherGrain"
"881",1998,"Harvested",67.758362,"OtherGrain"
"882",1998,"Planted",90.662768,"OtherGrain"
"883",1999,"Harvested",66.69831,"OtherGrain"
"884",1999,"Planted",85.455566,"OtherGrain"
"885",2000,"Harvested",64.400182,"OtherGrain"
"886",2000,"Planted",85.928948,"OtherGrain"
"887",2001,"Harvested",63.109508,"OtherGrain"
"888",2001,"Planted",87.304588,"OtherGrain"
"889",2002,"Harvested",56.012824,"OtherGrain"
"890",2002,"Planted",86.855482,"OtherGrain"
"891",2003,"Harvested",63.457464,"OtherGrain"
"892",2003,"Planted",86.758378,"OtherGrain"
"893",2004,"Harvested",53.48812,"OtherGrain"
"894",2004,"Planted",73.588648,"OtherGrain"
"895",2005,"Harvested",47.022612,"OtherGrain"
"896",2005,"Planted",67.054358,"OtherGrain"
"897",2006,"Harvested",41.273246,"OtherGrain"
"898",2006,"Planted",65.205336,"OtherGrain"
"899",2007,"Harvested",50.85822,"OtherGrain"
"900",2007,"Planted",70.388262,"OtherGrain"
"901",2008,"Harvested",53.597362,"OtherGrain"
"902",2008,"Planted",71.889328,"OtherGrain"
"903",2009,"Harvested",42.369712,"OtherGrain"
"904",2009,"Planted",61.183612,"OtherGrain"
"905",2010,"Harvested",37.105866,"OtherGrain"
"906",2010,"Planted",52.598,"OtherGrain"
"907",2011,"Harvested",30.903348,"OtherGrain"
"908",2011,"Planted",48.394206,"OtherGrain"
"909",2012,"Harvested",39.363534,"OtherGrain"
"910",2012,"Planted",57.55435,"OtherGrain"
"911",2013,"Harvested",46.702978,"OtherGrain"
"912",2013,"Planted",67.79073,"OtherGrain"
"913",2014,"Harvested",42.972566,"OtherGrain"
"914",2014,"Planted",60.127606,"OtherGrain"
"915",2015,"Harvested",52.869082,"OtherGrain"
"916",2015,"Planted",69.425314,"OtherGrain"
"917",2016,"Harvested",42.608426,"OtherGrain"
"918",2016,"Planted",60.333952,"OtherGrain"
"919",2017,"Harvested",34.443598,"OtherGrain"
"920",2017,"Planted",53.176578,"OtherGrain"
"921",2018,"Harvested",34.678266,"OtherGrain"
"922",2018,"Planted",54.370148,"OtherGrain"
"923",2019,"Harvested",34.221068,"OtherGrain"
"924",2019,"Planted",53.273682,"OtherGrain"
"925",2019,"Planted",10.27684,"Rice"
"926",2018,"Planted",11.919516,"Rice"
"927",2017,"Planted",9.965298,"Rice"
"928",2016,"Planted",12.7449,"Rice"
"929",2015,"Planted",10.62075,"Rice"
"930",2014,"Planted",11.951884,"Rice"
"931",2013,"Planted",10.07454,"Rice"
"932",2012,"Planted",10.9242,"Rice"
"933",2011,"Planted",10.879694,"Rice"
"934",2010,"Planted",14.711256,"Rice"
"935",2009,"Planted",12.68421,"Rice"
"936",2008,"Planted",12.11777,"Rice"
"937",2007,"Planted",11.171006,"Rice"
"938",2006,"Planted",11.482548,"Rice"
"939",2005,"Planted",13.691664,"Rice"
"940",2004,"Planted",13.541962,"Rice"
"941",2003,"Planted",12.227012,"Rice"
"942",2002,"Planted",13.10904,"Rice"
"943",2001,"Planted",13.489364,"Rice"
"944",2000,"Planted",12.38076,"Rice"
"945",1999,"Planted",14.286426,"Rice"
"946",1998,"Planted",13.29111,"Rice"
"947",1997,"Planted",12.64375,"Rice"
"948",1996,"Planted",11.425904,"Rice"
"949",1995,"Planted",12.627566,"Rice"
"950",1994,"Planted",13.566238,"Rice"
"951",1993,"Planted",11.81432,"Rice"
"952",1992,"Planted",12.850096,"Rice"
"953",1991,"Planted",11.668664,"Rice"
"954",1990,"Planted",11.721262,"Rice"
"955",1989,"Planted",11.049626,"Rice"
"956",1988,"Planted",11.866918,"Rice"
"957",1987,"Planted",9.532376,"Rice"
"958",1986,"Planted",9.633526,"Rice"
"959",1985,"Planted",10.163552,"Rice"
"960",1984,"Planted",11.45018,"Rice"
"961",1983,"Planted",8.86074,"Rice"
"962",1982,"Planted",13.33157,"Rice"
"963",1981,"Planted",15.484042,"Rice"
"964",1980,"Planted",13.67548,"Rice"
"965",1979,"Planted",11.69294,"Rice"
"966",1978,"Planted",12.109678,"Rice"
"967",1977,"Planted",9.148006,"Rice"
"968",1976,"Planted",10.070494,"Rice"
"969",1975,"Planted",11.462318,"Rice"
"970",1974,"Planted",10.3173,"Rice"
"971",1973,"Planted",8.8255398,"Rice"
"972",1972,"Planted",7.379904,"Rice"
"973",1971,"Planted",7.387996,"Rice"
"974",1970,"Planted",7.3871868,"Rice"
"975",1969,"Planted",8.6608676,"Rice"
"976",1968,"Planted",9.5752636,"Rice"
"977",1967,"Planted",8.0199812,"Rice"
"978",1966,"Planted",8.0122938,"Rice"
"979",1965,"Planted",7.2981748,"Rice"
"980",1964,"Planted",7.2698528,"Rice"
"981",1963,"Planted",7.22211,"Rice"
"982",1962,"Planted",7.2370802,"Rice"
"983",1961,"Planted",6.546428,"Rice"
"984",1960,"Planted",6.530244,"Rice"
"985",1959,"Planted",6.5031358,"Rice"
"986",1958,"Planted",5.822194,"Rice"
"987",1957,"Planted",5.5438292,"Rice"
"988",1956,"Planted",6.483715,"Rice"
"989",1955,"Planted",7.4705344,"Rice"
"990",1954,"Planted",10.53983,"Rice"
"991",1953,"Planted",8.9181932,"Rice"
"992",1952,"Planted",8.257886,"Rice"
"993",1951,"Planted",8.2190444,"Rice"
"994",1950,"Planted",6.6888472,"Rice"
"995",1949,"Planted",7.6238778,"Rice"
"996",1948,"Planted",7.387996,"Rice"
"997",1947,"Planted",6.955074,"Rice"
"998",1946,"Planted",6.45337,"Rice"
"999",1945,"Planted",6.117552,"Rice"
"1000",1944,"Planted",6.081138,"Rice"
"1001",1943,"Planted",6.137782,"Rice"
"1002",1942,"Planted",6.02854,"Rice"
"1003",1941,"Planted",5.110098,"Rice"
"1004",1940,"Planted",4.41014,"Rice"
"1005",1939,"Planted",4.22807,"Rice"
"1006",1938,"Planted",4.353496,"Rice"
"1007",1937,"Planted",4.515336,"Rice"
"1008",1936,"Planted",3.969126,"Rice"
"1009",1935,"Planted",3.305582,"Rice"
"1010",1934,"Planted",3.285352,"Rice"
"1011",1933,"Planted",3.228708,"Rice"
"1012",1932,"Planted",3.536204,"Rice"
"1013",1931,"Planted",3.90439,"Rice"
"1014",1930,"Planted",3.908436,"Rice"
"1015",1929,"Planted",3.47956,"Rice"
"1016",1928,"Planted",NA,"Rice"
"1017",1927,"Planted",NA,"Rice"
"1018",1926,"Planted",NA,"Rice"
"1019",1925,"Planted",NA,"Rice"
"1020",1924,"Planted",NA,"Rice"
"1021",1923,"Planted",NA,"Rice"
"1022",1922,"Planted",NA,"Rice"
"1023",1921,"Planted",NA,"Rice"
"1024",1920,"Planted",NA,"Rice"
"1025",1919,"Planted",NA,"Rice"
"1026",1918,"Planted",NA,"Rice"
"1027",1917,"Planted",NA,"Rice"
"1028",1916,"Planted",NA,"Rice"
"1029",1915,"Planted",NA,"Rice"
"1030",1914,"Planted",NA,"Rice"
"1031",1913,"Planted",NA,"Rice"
"1032",1912,"Planted",NA,"Rice"
"1033",1911,"Planted",NA,"Rice"
"1034",1910,"Planted",NA,"Rice"
"1035",1909,"Planted",NA,"Rice"
"1036",1908,"Planted",NA,"Rice"
"1037",1907,"Planted",NA,"Rice"
"1038",1906,"Planted",NA,"Rice"
"1039",1905,"Planted",NA,"Rice"
"1040",1904,"Planted",NA,"Rice"
"1041",1903,"Planted",NA,"Rice"
"1042",1902,"Planted",NA,"Rice"
"1043",1901,"Planted",NA,"Rice"
"1044",1900,"Planted",NA,"Rice"
"1045",1899,"Planted",NA,"Rice"
"1046",1898,"Planted",NA,"Rice"
"1047",1897,"Planted",NA,"Rice"
"1048",1896,"Planted",NA,"Rice"
"1049",1895,"Planted",NA,"Rice"
"1050",2019,"Harvested",10.001712,"Rice"
"1051",2018,"Harvested",11.77386,"Rice"
"1052",2017,"Harvested",9.605204,"Rice"
"1053",2016,"Harvested",12.530462,"Rice"
"1054",2015,"Harvested",10.454864,"Rice"
"1055",2014,"Harvested",11.866918,"Rice"
"1056",2013,"Harvested",9.965298,"Rice"
"1057",2012,"Harvested",10.839234,"Rice"
"1058",2011,"Harvested",10.588382,"Rice"
"1059",2010,"Harvested",14.62629,"Rice"
"1060",2009,"Harvested",12.554738,"Rice"
"1061",2008,"Harvested",12.040896,"Rice"
"1062",2007,"Harvested",11.118408,"Rice"
"1063",2006,"Harvested",11.413766,"Rice"
"1064",2005,"Harvested",13.610744,"Rice"
"1065",2004,"Harvested",13.45295,"Rice"
"1066",2003,"Harvested",12.125862,"Rice"
"1067",2002,"Harvested",12.975522,"Rice"
"1068",2001,"Harvested",13.408444,"Rice"
"1069",2000,"Harvested",12.295794,"Rice"
"1070",1999,"Harvested",14.209552,"Rice"
"1071",1998,"Harvested",13.177822,"Rice"
"1072",1997,"Harvested",12.554738,"Rice"
"1073",1996,"Harvested",11.344984,"Rice"
"1074",1995,"Harvested",12.514278,"Rice"
"1075",1994,"Harvested",13.416536,"Rice"
"1076",1993,"Harvested",11.462318,"Rice"
"1077",1992,"Harvested",12.672072,"Rice"
"1078",1991,"Harvested",11.251926,"Rice"
"1079",1990,"Harvested",11.421858,"Rice"
"1080",1989,"Harvested",10.871602,"Rice"
"1081",1988,"Harvested",11.7334,"Rice"
"1082",1987,"Harvested",9.439318,"Rice"
"1083",1986,"Harvested",9.54856,"Rice"
"1084",1985,"Harvested",10.082632,"Rice"
"1085",1984,"Harvested",11.336892,"Rice"
"1086",1983,"Harvested",8.775774,"Rice"
"1087",1982,"Harvested",13.198052,"Rice"
"1088",1981,"Harvested",15.342432,"Rice"
"1089",1980,"Harvested",13.400352,"Rice"
"1090",1979,"Harvested",11.607974,"Rice"
"1091",1978,"Harvested",12.01662,"Rice"
"1092",1977,"Harvested",9.099454,"Rice"
"1093",1976,"Harvested",10.03408,"Rice"
"1094",1975,"Harvested",11.401628,"Rice"
"1095",1974,"Harvested",10.240426,"Rice"
"1096",1973,"Harvested",8.7806292,"Rice"
"1097",1972,"Harvested",7.3552234,"Rice"
"1098",1971,"Harvested",7.3552234,"Rice"
"1099",1970,"Harvested",7.3422762,"Rice"
"1100",1969,"Harvested",8.6115064,"Rice"
"1101",1968,"Harvested",9.5218564,"Rice"
"1102",1967,"Harvested",7.9710246,"Rice"
"1103",1966,"Harvested",7.9592912,"Rice"
"1104",1965,"Harvested",7.2532642,"Rice"
"1105",1964,"Harvested",7.2245376,"Rice"
"1106",1963,"Harvested",7.1646568,"Rice"
"1107",1962,"Harvested",7.1719396,"Rice"
"1108",1961,"Harvested",6.4286894,"Rice"
"1109",1960,"Harvested",6.4525608,"Rice"
"1110",1959,"Harvested",6.4173606,"Rice"
"1111",1958,"Harvested",5.7238762,"Rice"
"1112",1957,"Harvested",5.4212354,"Rice"
"1113",1956,"Harvested",6.3497924,"Rice"
"1114",1955,"Harvested",7.3896144,"Rice"
"1115",1954,"Harvested",10.3173,"Rice"
"1116",1953,"Harvested",8.7361232,"Rice"
"1117",1952,"Harvested",8.079862,"Rice"
"1118",1951,"Harvested",8.0774344,"Rice"
"1119",1950,"Harvested",6.6241112,"Rice"
"1120",1949,"Harvested",7.5186818,"Rice"
"1121",1948,"Harvested",7.298984,"Rice"
"1122",1947,"Harvested",6.910568,"Rice"
"1123",1946,"Harvested",6.400772,"Rice"
"1124",1945,"Harvested",6.064954,"Rice"
"1125",1944,"Harvested",5.98808,"Rice"
"1126",1943,"Harvested",5.955712,"Rice"
"1127",1942,"Harvested",5.895022,"Rice"
"1128",1941,"Harvested",4.911844,"Rice"
"1129",1940,"Harvested",4.325174,"Rice"
"1130",1939,"Harvested",4.22807,"Rice"
"1131",1938,"Harvested",4.353496,"Rice"
"1132",1937,"Harvested",4.446554,"Rice"
"1133",1936,"Harvested",3.969126,"Rice"
"1134",1935,"Harvested",3.305582,"Rice"
"1135",1934,"Harvested",3.285352,"Rice"
"1136",1933,"Harvested",3.228708,"Rice"
"1137",1932,"Harvested",3.536204,"Rice"
"1138",1931,"Harvested",3.90439,"Rice"
"1139",1930,"Harvested",3.908436,"Rice"
"1140",1929,"Harvested",3.47956,"Rice"
"1141",1928,"Harvested",3.932712,"Rice"
"1142",1927,"Harvested",4.155242,"Rice"
"1143",1926,"Harvested",4.110736,"Rice"
"1144",1925,"Harvested",3.451238,"Rice"
"1145",1924,"Harvested",3.390548,"Rice"
"1146",1923,"Harvested",3.536204,"Rice"
"1147",1922,"Harvested",4.260438,"Rice"
"1148",1921,"Harvested",4.00554,"Rice"
"1149",1920,"Harvested",5.255754,"Rice"
"1150",1919,"Harvested",4.381818,"Rice"
"1151",1918,"Harvested",4.454646,"Rice"
"1152",1917,"Harvested",3.855838,"Rice"
"1153",1916,"Harvested",3.410778,"Rice"
"1154",1915,"Harvested",2.99404,"Rice"
"1155",1914,"Harvested",2.613716,"Rice"
"1156",1913,"Harvested",2.921212,"Rice"
"1157",1912,"Harvested",2.601578,"Rice"
"1158",1911,"Harvested",2.573256,"Rice"
"1159",1910,"Harvested",2.694636,"Rice"
"1160",1909,"Harvested",2.678452,"Rice"
"1161",1908,"Harvested",2.411416,"Rice"
"1162",1907,"Harvested",2.277898,"Rice"
"1163",1906,"Harvested",2.04323,"Rice"
"1164",1905,"Harvested",1.849022,"Rice"
"1165",1904,"Harvested",2.322404,"Rice"
"1166",1903,"Harvested",2.213162,"Rice"
"1167",1902,"Harvested",2.20507,"Rice"
"1168",1901,"Harvested",1.711458,"Rice"
"1169",1900,"Harvested",1.460606,"Rice"
"1170",1899,"Harvested",1.367548,"Rice"
"1171",1898,"Harvested",1.270444,"Rice"
"1172",1897,"Harvested",1.17334,"Rice"
"1173",1896,"Harvested",1.09242,"Rice"
"1174",1895,"Harvested",1.181432,"Rice"
"1175",2019,"Planted",4.580072,"SugarCrop"
"1176",2018,"Planted",4.5036026,"SugarCrop"
"1177",2017,"Planted",4.5776444,"SugarCrop"
"1178",2016,"Planted",4.7071164,"SugarCrop"
"1179",2015,"Planted",4.6925508,"SugarCrop"
"1180",2014,"Planted",4.703475,"SugarCrop"
"1181",2013,"Planted",4.847108,"SugarCrop"
"1182",2012,"Planted",4.9769846,"SugarCrop"
"1183",2011,"Planted",4.9879088,"SugarCrop"
"1184",2010,"Planted",4.7415074,"SugarCrop"
"1185",2009,"Planted",4.7977468,"SugarCrop"
"1186",2008,"Planted",4.4129722,"SugarCrop"
"1187",2007,"Planted",5.1335648,"SugarCrop"
"1188",2006,"Planted",5.5276452,"SugarCrop"
"1189",2005,"Planted",5.2589908,"SugarCrop"
"1190",2004,"Planted",5.4442976,"SugarCrop"
"1191",2003,"Planted",5.5244084,"SugarCrop"
"1192",2002,"Planted",5.7748558,"SugarCrop"
"1193",2001,"Planted",5.5240038,"SugarCrop"
"1194",2000,"Planted",6.3287532,"SugarCrop"
"1195",1999,"Planted",6.3141876,"SugarCrop"
"1196",1998,"Planted",6.0600988,"SugarCrop"
"1197",1997,"Planted",5.9043278,"SugarCrop"
"1198",1996,"Planted",5.5365464,"SugarCrop"
"1199",1995,"Planted",5.8448516,"SugarCrop"
"1200",1994,"Planted",5.9710868,"SugarCrop"
"1201",1993,"Planted",5.8169342,"SugarCrop"
"1202",1992,"Planted",5.8128882,"SugarCrop"
"1203",1991,"Planted",5.7752604,"SugarCrop"
"1204",1990,"Planted",5.6660184,"SugarCrop"
"1205",1989,"Planted",5.3585224,"SugarCrop"
"1206",1988,"Planted",5.3698512,"SugarCrop"
"1207",1987,"Planted",5.1250682,"SugarCrop"
"1208",1986,"Planted",4.982649,"SugarCrop"
"1209",1985,"Planted",4.549727,"SugarCrop"
"1210",1984,"Planted",4.5460856,"SugarCrop"
"1211",1983,"Planted",4.3753444,"SugarCrop"
"1212",1982,"Planted",4.2652932,"SugarCrop"
"1213",1981,"Planted",5.0639736,"SugarCrop"
"1214",1980,"Planted",4.9818398,"SugarCrop"
"1215",1979,"Planted",4.6961922,"SugarCrop"
"1216",1978,"Planted",5.2816484,"SugarCrop"
"1217",1977,"Planted",5.1489396,"SugarCrop"
"1218",1976,"Planted",6.1717684,"SugarCrop"
"1219",1975,"Planted",6.45337,"SugarCrop"
"1220",1974,"Planted",5.063569,"SugarCrop"
"1221",1973,"Planted",5.1792846,"SugarCrop"
"1222",1972,"Planted",5.7441062,"SugarCrop"
"1223",1971,"Planted",5.6898898,"SugarCrop"
"1224",1970,"Planted",5.9816064,"SugarCrop"
"1225",1969,"Planted",6.6641666,"SugarCrop"
"1226",1968,"Planted",5.9723006,"SugarCrop"
"1227",1967,"Planted",4.8442758,"SugarCrop"
"1228",1966,"Planted",5.0174446,"SugarCrop"
"1229",1965,"Planted",5.3196808,"SugarCrop"
"1230",1964,"Planted",5.903114,"SugarCrop"
"1231",1963,"Planted",5.1995146,"SugarCrop"
"1232",1962,"Planted",4.782372,"SugarCrop"
"1233",1961,"Planted",4.5671248,"SugarCrop"
"1234",1960,"Planted",3.9493006,"SugarCrop"
"1235",1959,"Planted",3.8631208,"SugarCrop"
"1236",1958,"Planted",3.7822008,"SugarCrop"
"1237",1957,"Planted",3.7069452,"SugarCrop"
"1238",1956,"Planted",3.362226,"SugarCrop"
"1239",1955,"Planted",3.2299218,"SugarCrop"
"1240",1954,"Planted",3.9027716,"SugarCrop"
"1241",1953,"Planted",3.2129286,"SugarCrop"
"1242",1952,"Planted",2.9199982,"SugarCrop"
"1243",1951,"Planted",3.07496,"SugarCrop"
"1244",1950,"Planted",4.102644,"SugarCrop"
"1245",1949,"Planted",3.107328,"SugarCrop"
"1246",1948,"Planted",3.2392276,"SugarCrop"
"1247",1947,"Planted",3.916528,"SugarCrop"
"1248",1946,"Planted",3.66163,"SugarCrop"
"1249",1945,"Planted",3.13565,"SugarCrop"
"1250",1944,"Planted",2.561118,"SugarCrop"
"1251",1943,"Planted",2.504474,"SugarCrop"
"1252",1942,"Planted",4.240208,"SugarCrop"
"1253",1941,"Planted",3.220616,"SugarCrop"
"1254",1940,"Planted",3.9278568,"SugarCrop"
"1255",1939,"Planted",4.017678,"SugarCrop"
"1256",1938,"Planted",3.9869284,"SugarCrop"
"1257",1937,"Planted",3.289398,"SugarCrop"
"1258",1936,"Planted",3.45933,"SugarCrop"
"1259",1935,"Planted",3.275237,"SugarCrop"
"1260",1934,"Planted",3.82347,"SugarCrop"
"1261",1933,"Planted",4.191656,"SugarCrop"
"1262",1932,"Planted",3.285352,"SugarCrop"
"1263",1931,"Planted",3.07496,"SugarCrop"
"1264",1930,"Planted",3.321766,"SugarCrop"
"1265",1929,"Planted",3.123512,"SugarCrop"
"1266",1928,"Planted",2.824108,"SugarCrop"
"1267",1927,"Planted",3.058776,"SugarCrop"
"1268",1926,"Planted",3.018316,"SugarCrop"
"1269",1925,"Planted",3.1744916,"SugarCrop"
"1270",1924,"Planted",3.787056,"SugarCrop"
"1271",1923,"Planted",2.961672,"SugarCrop"
"1272",1922,"Planted",2.451876,"SugarCrop"
"1273",1921,"Planted",3.568572,"SugarCrop"
"1274",1920,"Planted",3.956988,"SugarCrop"
"1275",1919,"Planted",3.60094,"SugarCrop"
"1276",1918,"Planted",2.79174,"SugarCrop"
"1277",1917,"Planted",3.265122,"SugarCrop"
"1278",1916,"Planted",3.107328,"SugarCrop"
"1279",1915,"Planted",2.686544,"SugarCrop"
"1280",1914,"Planted",2.08369,"SugarCrop"
"1281",1913,"Planted",2.56921,"SugarCrop"
"1282",1912,"Planted",NA,"SugarCrop"
"1283",1911,"Planted",NA,"SugarCrop"
"1284",1910,"Planted",NA,"SugarCrop"
"1285",1909,"Planted",NA,"SugarCrop"
"1286",2019,"Harvested",3.9622478,"SugarCrop"
"1287",2018,"Harvested",4.4360344,"SugarCrop"
"1288",2017,"Harvested",4.5064348,"SugarCrop"
"1289",2016,"Harvested",4.5574144,"SugarCrop"
"1290",2015,"Harvested",4.6342884,"SugarCrop"
"1291",2014,"Harvested",4.6379298,"SugarCrop"
"1292",2013,"Harvested",4.669084,"SugarCrop"
"1293",2012,"Harvested",4.8717886,"SugarCrop"
"1294",2011,"Harvested",4.9086072,"SugarCrop"
"1295",2010,"Harvested",4.6775806,"SugarCrop"
"1296",2009,"Harvested",4.646831,"SugarCrop"
"1297",2008,"Harvested",4.064207,"SugarCrop"
"1298",2007,"Harvested",5.0445528,"SugarCrop"
"1299",2006,"Harvested",5.2743656,"SugarCrop"
"1300",2005,"Harvested",5.0287734,"SugarCrop"
"1301",2004,"Harvested",5.2869082,"SugarCrop"
"1302",2003,"Harvested",5.4531988,"SugarCrop"
"1303",2002,"Harvested",5.5053922,"SugarCrop"
"1304",2001,"Harvested",5.0214906,"SugarCrop"
"1305",2000,"Harvested",5.555158,"SugarCrop"
"1306",1999,"Harvested",6.1794558,"SugarCrop"
"1307",1998,"Harvested",5.8695322,"SugarCrop"
"1308",1997,"Harvested",5.7789018,"SugarCrop"
"1309",1996,"Harvested",5.3540718,"SugarCrop"
"1310",1995,"Harvested",5.7457246,"SugarCrop"
"1311",1994,"Harvested",5.838378,"SugarCrop"
"1312",1993,"Harvested",5.7024324,"SugarCrop"
"1313",1992,"Harvested",5.710929,"SugarCrop"
"1314",1991,"Harvested",5.6105882,"SugarCrop"
"1315",1990,"Harvested",5.5721512,"SugarCrop"
"1316",1989,"Harvested",5.237547,"SugarCrop"
"1317",1988,"Harvested",5.2626322,"SugarCrop"
"1318",1987,"Harvested",5.0672104,"SugarCrop"
"1319",1986,"Harvested",4.8195952,"SugarCrop"
"1320",1985,"Harvested",4.460715,"SugarCrop"
"1321",1984,"Harvested",4.4356298,"SugarCrop"
"1322",1983,"Harvested",4.2717668,"SugarCrop"
"1323",1982,"Harvested",4.1544328,"SugarCrop"
"1324",1981,"Harvested",4.9688926,"SugarCrop"
"1325",1980,"Harvested",4.812717,"SugarCrop"
"1326",1979,"Harvested",4.5303062,"SugarCrop"
"1327",1978,"Harvested",5.1351832,"SugarCrop"
"1328",1977,"Harvested",4.9207452,"SugarCrop"
"1329",1976,"Harvested",5.9832248,"SugarCrop"
"1330",1975,"Harvested",6.1361636,"SugarCrop"
"1331",1974,"Harvested",4.9061796,"SugarCrop"
"1332",1973,"Harvested",4.926005,"SugarCrop"
"1333",1972,"Harvested",5.3759202,"SugarCrop"
"1334",1971,"Harvested",5.4293274,"SugarCrop"
"1335",1970,"Harvested",5.7182118,"SugarCrop"
"1336",1969,"Harvested",6.232863,"SugarCrop"
"1337",1968,"Harvested",5.7052646,"SugarCrop"
"1338",1967,"Harvested",4.5400166,"SugarCrop"
"1339",1966,"Harvested",4.6982152,"SugarCrop"
"1340",1965,"Harvested",5.053454,"SugarCrop"
"1341",1964,"Harvested",5.6453838,"SugarCrop"
"1342",1963,"Harvested",4.9960008,"SugarCrop"
"1343",1962,"Harvested",4.4615242,"SugarCrop"
"1344",1961,"Harvested",4.3567328,"SugarCrop"
"1345",1960,"Harvested",3.8732358,"SugarCrop"
"1346",1959,"Harvested",3.6644622,"SugarCrop"
"1347",1958,"Harvested",3.6041768,"SugarCrop"
"1348",1957,"Harvested",3.5531972,"SugarCrop"
"1349",1956,"Harvested",3.1753008,"SugarCrop"
"1350",1955,"Harvested",2.9968722,"SugarCrop"
"1351",1954,"Harvested",3.5467236,"SugarCrop"
"1352",1953,"Harvested",3.0199344,"SugarCrop"
"1353",1952,"Harvested",2.7003004,"SugarCrop"
"1354",1951,"Harvested",2.8014504,"SugarCrop"
"1355",1950,"Harvested",3.74255,"SugarCrop"
"1356",1949,"Harvested",2.779602,"SugarCrop"
"1357",1948,"Harvested",2.809947,"SugarCrop"
"1358",1947,"Harvested",3.556434,"SugarCrop"
"1359",1946,"Harvested",3.2452966,"SugarCrop"
"1360",1945,"Harvested",2.884798,"SugarCrop"
"1361",1944,"Harvested",2.24553,"SugarCrop"
"1362",1943,"Harvested",2.2257046,"SugarCrop"
"1363",1942,"Harvested",3.859884,"SugarCrop"
"1364",1941,"Harvested",3.05473,"SugarCrop"
"1365",1940,"Harvested",3.6891428,"SugarCrop"
"1366",1939,"Harvested",3.714228,"SugarCrop"
"1367",1938,"Harvested",3.7437638,"SugarCrop"
"1368",1937,"Harvested",3.046638,"SugarCrop"
"1369",1936,"Harvested",3.1409098,"SugarCrop"
"1370",1935,"Harvested",3.0879072,"SugarCrop"
"1371",1934,"Harvested",3.11542,"SugarCrop"
"1372",1933,"Harvested",3.977218,"SugarCrop"
"1373",1932,"Harvested",3.0915486,"SugarCrop"
"1374",1931,"Harvested",2.884798,"SugarCrop"
"1375",1930,"Harvested",3.139696,"SugarCrop"
"1376",1929,"Harvested",2.783648,"SugarCrop"
"1377",1928,"Harvested",2.605624,"SugarCrop"
"1378",1927,"Harvested",2.917166,"SugarCrop"
"1379",1926,"Harvested",2.739142,"SugarCrop"
"1380",1925,"Harvested",2.621808,"SugarCrop"
"1381",1924,"Harvested",3.301536,"SugarCrop"
"1382",1923,"Harvested",2.658222,"SugarCrop"
"1383",1922,"Harvested",2.14438,"SugarCrop"
"1384",1921,"Harvested",3.29749,"SugarCrop"
"1385",1920,"Harvested",3.528112,"SugarCrop"
"1386",1919,"Harvested",2.799832,"SugarCrop"
"1387",1918,"Harvested",2.403324,"SugarCrop"
"1388",1917,"Harvested",2.69059,"SugarCrop"
"1389",1916,"Harvested",2.69059,"SugarCrop"
"1390",1915,"Harvested",2.472106,"SugarCrop"
"1391",1914,"Harvested",1.954218,"SugarCrop"
"1392",1913,"Harvested",2.34668,"SugarCrop"
"1393",1912,"Harvested",2.24553,"SugarCrop"
"1394",1911,"Harvested",1.917804,"SugarCrop"
"1395",1910,"Harvested",1.610308,"SugarCrop"
"1396",1909,"Harvested",1.69932,"SugarCrop"
"1397",2019,"Planted",55.5831388,"FiberCrop"
"1398",2018,"Planted",57.0498138,"FiberCrop"
"1399",2017,"Planted",51.455005,"FiberCrop"
"1400",2016,"Planted",40.757381,"FiberCrop"
"1401",2015,"Planted",34.716703,"FiberCrop"
"1402",2014,"Planted",45.1064264,"FiberCrop"
"1403",2013,"Planted",42.106722,"FiberCrop"
"1404",2012,"Planted",49.6217624,"FiberCrop"
"1405",2011,"Planted",59.6194284,"FiberCrop"
"1406",2010,"Planted",44.4016132,"FiberCrop"
"1407",2009,"Planted",37.018877,"FiberCrop"
"1408",2008,"Planted",38.319666,"FiberCrop"
"1409",2007,"Planted",43.8068512,"FiberCrop"
"1410",2006,"Planted",61.798604,"FiberCrop"
"1411",2005,"Planted",57.6368884,"FiberCrop"
"1412",2004,"Planted",55.2626956,"FiberCrop"
"1413",2003,"Planted",54.5384616,"FiberCrop"
"1414",2002,"Planted",56.4736634,"FiberCrop"
"1415",2001,"Planted",63.799351,"FiberCrop"
"1416",2000,"Planted",62.7825912,"FiberCrop"
"1417",1999,"Planted",60.178181,"FiberCrop"
"1418",1998,"Planted",54.186055,"FiberCrop"
"1419",1997,"Planted",56.231308,"FiberCrop"
"1420",1996,"Planted",59.284015,"FiberCrop"
"1421",1995,"Planted",68.5044444,"FiberCrop"
"1422",1994,"Planted",55.5115246,"FiberCrop"
"1423",1993,"Planted",54.3713618,"FiberCrop"
"1424",1992,"Planted",53.56904,"FiberCrop"
"1425",1991,"Planted",56.8547966,"FiberCrop"
"1426",1990,"Planted",49.9604126,"FiberCrop"
"1427",1989,"Planted",42.8333836,"FiberCrop"
"1428",1988,"Planted",50.6348808,"FiberCrop"
"1429",1987,"Planted",42.0670712,"FiberCrop"
"1430",1986,"Planted",40.6404516,"FiberCrop"
"1431",1985,"Planted",43.2298916,"FiberCrop"
"1432",1984,"Planted",45.0942884,"FiberCrop"
"1433",1983,"Planted",32.0698098,"FiberCrop"
"1434",1982,"Planted",45.9034884,"FiberCrop"
"1435",1981,"Planted",57.9795846,"FiberCrop"
"1436",1980,"Planted",58.8037548,"FiberCrop"
"1437",1979,"Planted",56.552965,"FiberCrop"
"1438",1978,"Planted",54.1156546,"FiberCrop"
"1439",1977,"Planted",55.347257,"FiberCrop"
"1440",1976,"Planted",47.077233,"FiberCrop"
"1441",1975,"Planted",38.3463696,"FiberCrop"
"1442",1974,"Planted",55.3468524,"FiberCrop"
"1443",1973,"Planted",50.4928662,"FiberCrop"
"1444",1972,"Planted",56.6492598,"FiberCrop"
"1445",1971,"Planted",49.9879254,"FiberCrop"
"1446",1970,"Planted",48.3302792,"FiberCrop"
"1447",1969,"Planted",48.076595,"FiberCrop"
"1448",1968,"Planted",44.1535934,"FiberCrop"
"1449",1967,"Planted",38.2330816,"FiberCrop"
"1450",1966,"Planted",41.8736724,"FiberCrop"
"1451",1965,"Planted",57.2602058,"FiberCrop"
"1452",1964,"Planted",60.0248376,"FiberCrop"
"1453",1963,"Planted",60.054778,"FiberCrop"
"1454",1962,"Planted",65.921478,"FiberCrop"
"1455",1961,"Planted",67.115048,"FiberCrop"
"1456",1960,"Planted",65.05968,"FiberCrop"
"1457",1959,"Planted",64.060318,"FiberCrop"
"1458",1958,"Planted",50.085434,"FiberCrop"
"1459",1957,"Planted",57.89826,"FiberCrop"
"1460",1956,"Planted",69.093542,"FiberCrop"
"1461",1955,"Planted",72.791586,"FiberCrop"
"1462",1954,"Planted",81.130392,"FiberCrop"
"1463",1953,"Planted",108.724112,"FiberCrop"
"1464",1952,"Planted",113.55099,"FiberCrop"
"1465",1951,"Planted",118.762238,"FiberCrop"
"1466",1950,"Planted",76.331836,"FiberCrop"
"1467",1949,"Planted",114.433018,"FiberCrop"
"1468",1948,"Planted",95.388496,"FiberCrop"
"1469",1947,"Planted",88.146156,"FiberCrop"
"1470",1946,"Planted",75.409348,"FiberCrop"
"1471",1945,"Planted",73.200232,"FiberCrop"
"1472",1944,"Planted",81.814166,"FiberCrop"
"1473",1943,"Planted",88.6074,"FiberCrop"
"1474",1942,"Planted",94.279892,"FiberCrop"
"1475",1941,"Planted",93.58398,"FiberCrop"
"1476",1940,"Planted",100.628066,"FiberCrop"
"1477",1939,"Planted",99.867418,"FiberCrop"
"1478",1938,"Planted",101.222828,"FiberCrop"
"1479",1937,"Planted",137.92814,"FiberCrop"
"1480",1936,"Planted",123.916842,"FiberCrop"
"1481",1935,"Planted",113.542898,"FiberCrop"
"1482",1934,"Planted",112.72156,"FiberCrop"
"1483",1933,"Planted",162.843408,"FiberCrop"
"1484",1932,"Planted",147.654724,"FiberCrop"
"1485",1931,"Planted",158.23906,"FiberCrop"
"1486",1930,"Planted",175.309134,"FiberCrop"
"1487",1929,"Planted",179.836608,"FiberCrop"
"1488",1928,"Planted",176.959902,"FiberCrop"
"1489",1927,"Planted",159.699666,"FiberCrop"
"1490",1926,"Planted",185.464594,"FiberCrop"
"1491",1925,"Planted",185.986528,"FiberCrop"
"1492",1924,"Planted",164.63174,"FiberCrop"
"1493",1923,"Planted",149.702,"FiberCrop"
"1494",1922,"Planted",130.184096,"FiberCrop"
"1495",1921,"Planted",120.230936,"FiberCrop"
"1496",1920,"Planted",145.138112,"FiberCrop"
"1497",1919,"Planted",139.882358,"FiberCrop"
"1498",1918,"Planted",146.153658,"FiberCrop"
"1499",1917,"Planted",133.776944,"FiberCrop"
"1500",1916,"Planted",137.470942,"FiberCrop"
"1501",1915,"Planted",123.581024,"FiberCrop"
"1502",1914,"Planted",146.453062,"FiberCrop"
"1503",1913,"Planted",144.527166,"FiberCrop"
"1504",1912,"Planted",134.323154,"FiberCrop"
"1505",1911,"Planted",144.175164,"FiberCrop"
"1506",1910,"Planted",131.41408,"FiberCrop"
"1507",1909,"Planted",128.436224,"FiberCrop"
"1508",1908,"Planted",NA,"FiberCrop"
"1509",1907,"Planted",NA,"FiberCrop"
"1510",1906,"Planted",NA,"FiberCrop"
"1511",1905,"Planted",NA,"FiberCrop"
"1512",1904,"Planted",NA,"FiberCrop"
"1513",1903,"Planted",NA,"FiberCrop"
"1514",1902,"Planted",NA,"FiberCrop"
"1515",1901,"Planted",NA,"FiberCrop"
"1516",1900,"Planted",NA,"FiberCrop"
"1517",1899,"Planted",NA,"FiberCrop"
"1518",1898,"Planted",NA,"FiberCrop"
"1519",1897,"Planted",NA,"FiberCrop"
"1520",1896,"Planted",NA,"FiberCrop"
"1521",1895,"Planted",NA,"FiberCrop"
"1522",1894,"Planted",NA,"FiberCrop"
"1523",1893,"Planted",NA,"FiberCrop"
"1524",1892,"Planted",NA,"FiberCrop"
"1525",1891,"Planted",NA,"FiberCrop"
"1526",1890,"Planted",NA,"FiberCrop"
"1527",1889,"Planted",NA,"FiberCrop"
"1528",1888,"Planted",NA,"FiberCrop"
"1529",1887,"Planted",NA,"FiberCrop"
"1530",1886,"Planted",NA,"FiberCrop"
"1531",1885,"Planted",NA,"FiberCrop"
"1532",1884,"Planted",NA,"FiberCrop"
"1533",1883,"Planted",NA,"FiberCrop"
"1534",1882,"Planted",NA,"FiberCrop"
"1535",1881,"Planted",NA,"FiberCrop"
"1536",1880,"Planted",NA,"FiberCrop"
"1537",1879,"Planted",NA,"FiberCrop"
"1538",1878,"Planted",NA,"FiberCrop"
"1539",1877,"Planted",NA,"FiberCrop"
"1540",1876,"Planted",NA,"FiberCrop"
"1541",1875,"Planted",NA,"FiberCrop"
"1542",1874,"Planted",NA,"FiberCrop"
"1543",1873,"Planted",NA,"FiberCrop"
"1544",1872,"Planted",NA,"FiberCrop"
"1545",1871,"Planted",NA,"FiberCrop"
"1546",1870,"Planted",NA,"FiberCrop"
"1547",1869,"Planted",NA,"FiberCrop"
"1548",1868,"Planted",NA,"FiberCrop"
"1549",1867,"Planted",NA,"FiberCrop"
"1550",1866,"Planted",NA,"FiberCrop"
"1551",2019,"Harvested",47.761007,"FiberCrop"
"1552",2018,"Harvested",41.2926668,"FiberCrop"
"1553",2017,"Harvested",44.9122184,"FiberCrop"
"1554",2016,"Harvested",38.4685588,"FiberCrop"
"1555",2015,"Harvested",32.6710454,"FiberCrop"
"1556",2014,"Harvested",37.8373828,"FiberCrop"
"1557",2013,"Harvested",30.5044124,"FiberCrop"
"1558",2012,"Harvested",37.7160028,"FiberCrop"
"1559",2011,"Harvested",38.2788014,"FiberCrop"
"1560",2010,"Harvested",43.2869402,"FiberCrop"
"1561",2009,"Harvested",30.4813502,"FiberCrop"
"1562",2008,"Harvested",30.6229602,"FiberCrop"
"1563",2007,"Harvested",42.4388986,"FiberCrop"
"1564",2006,"Harvested",51.511649,"FiberCrop"
"1565",2005,"Harvested",55.8453196,"FiberCrop"
"1566",2004,"Harvested",52.828622,"FiberCrop"
"1567",2003,"Harvested",48.5657564,"FiberCrop"
"1568",2002,"Harvested",50.2375636,"FiberCrop"
"1569",2001,"Harvested",55.9468742,"FiberCrop"
"1570",2000,"Harvested",52.812438,"FiberCrop"
"1571",1999,"Harvested",54.3171454,"FiberCrop"
"1572",1998,"Harvested",43.2258456,"FiberCrop"
"1573",1997,"Harvested",54.240676,"FiberCrop"
"1574",1996,"Harvested",52.1452526,"FiberCrop"
"1575",1995,"Harvested",64.7631082,"FiberCrop"
"1576",1994,"Harvested",53.9020258,"FiberCrop"
"1577",1993,"Harvested",51.7212318,"FiberCrop"
"1578",1992,"Harvested",45.0048718,"FiberCrop"
"1579",1991,"Harvested",52.434137,"FiberCrop"
"1580",1990,"Harvested",47.4660536,"FiberCrop"
"1581",1989,"Harvested",38.5895342,"FiberCrop"
"1582",1988,"Harvested",48.3424172,"FiberCrop"
"1583",1987,"Harvested",40.5825938,"FiberCrop"
"1584",1986,"Harvested",34.2631464,"FiberCrop"
"1585",1985,"Harvested",41.386534,"FiberCrop"
"1586",1984,"Harvested",41.9938386,"FiberCrop"
"1587",1983,"Harvested",29.727985,"FiberCrop"
"1588",1982,"Harvested",39.3833594,"FiberCrop"
"1589",1981,"Harvested",56.0014952,"FiberCrop"
"1590",1980,"Harvested",53.4670808,"FiberCrop"
"1591",1979,"Harvested",51.9138214,"FiberCrop"
"1592",1978,"Harvested",50.1704,"FiberCrop"
"1593",1977,"Harvested",53.7118638,"FiberCrop"
"1594",1976,"Harvested",44.156021,"FiberCrop"
"1595",1975,"Harvested",35.588616,"FiberCrop"
"1596",1974,"Harvested",50.7635436,"FiberCrop"
"1597",1973,"Harvested",48.4314292,"FiberCrop"
"1598",1972,"Harvested",52.5324548,"FiberCrop"
"1599",1971,"Harvested",46.4112614,"FiberCrop"
"1600",1970,"Harvested",45.13313,"FiberCrop"
"1601",1969,"Harvested",44.7127506,"FiberCrop"
"1602",1968,"Harvested",41.1045278,"FiberCrop"
"1603",1967,"Harvested",32.3570758,"FiberCrop"
"1604",1966,"Harvested",38.6498196,"FiberCrop"
"1605",1965,"Harvested",55.0769842,"FiberCrop"
"1606",1964,"Harvested",56.8649116,"FiberCrop"
"1607",1963,"Harvested",57.501752,"FiberCrop"
"1608",1962,"Harvested",62.992174,"FiberCrop"
"1609",1961,"Harvested",63.255164,"FiberCrop"
"1610",1960,"Harvested",61.940214,"FiberCrop"
"1611",1959,"Harvested",61.163382,"FiberCrop"
"1612",1958,"Harvested",47.941054,"FiberCrop"
"1613",1957,"Harvested",54.855668,"FiberCrop"
"1614",1956,"Harvested",63.17829,"FiberCrop"
"1615",1955,"Harvested",68.490688,"FiberCrop"
"1616",1954,"Harvested",77.889546,"FiberCrop"
"1617",1953,"Harvested",98.483686,"FiberCrop"
"1618",1952,"Harvested",104.876366,"FiberCrop"
"1619",1951,"Harvested",109.035654,"FiberCrop"
"1620",1950,"Harvested",72.192778,"FiberCrop"
"1621",1949,"Harvested",111.018194,"FiberCrop"
"1622",1948,"Harvested",92.697906,"FiberCrop"
"1623",1947,"Harvested",86.30118,"FiberCrop"
"1624",1946,"Harvested",71.144864,"FiberCrop"
"1625",1945,"Harvested",68.899334,"FiberCrop"
"1626",1944,"Harvested",79.370382,"FiberCrop"
"1627",1943,"Harvested",87.43406,"FiberCrop"
"1628",1942,"Harvested",91.447692,"FiberCrop"
"1629",1941,"Harvested",89.966856,"FiberCrop"
"1630",1940,"Harvested",96.541606,"FiberCrop"
"1631",1939,"Harvested",96.31503,"FiberCrop"
"1632",1938,"Harvested",98.107408,"FiberCrop"
"1633",1937,"Harvested",136.038658,"FiberCrop"
"1634",1936,"Harvested",120.38873,"FiberCrop"
"1635",1935,"Harvested",111.301414,"FiberCrop"
"1636",1934,"Harvested",108.699836,"FiberCrop"
"1637",1933,"Harvested",118.883618,"FiberCrop"
"1638",1932,"Harvested",145.214986,"FiberCrop"
"1639",1931,"Harvested",156.596384,"FiberCrop"
"1640",1930,"Harvested",171.728424,"FiberCrop"
"1641",1929,"Harvested",174.916672,"FiberCrop"
"1642",1928,"Harvested",171.687964,"FiberCrop"
"1643",1927,"Harvested",155.131732,"FiberCrop"
"1644",1926,"Harvested",180.483968,"FiberCrop"
"1645",1925,"Harvested",179.585756,"FiberCrop"
"1646",1924,"Harvested",159.821046,"FiberCrop"
"1647",1923,"Harvested",143.8353,"FiberCrop"
"1648",1922,"Harvested",126.886606,"FiberCrop"
"1649",1921,"Harvested",116.031188,"FiberCrop"
"1650",1920,"Harvested",139.214768,"FiberCrop"
"1651",1919,"Harvested",133.137676,"FiberCrop"
"1652",1918,"Harvested",141.763748,"FiberCrop"
"1653",1917,"Harvested",130.46327,"FiberCrop"
"1654",1916,"Harvested",133.805266,"FiberCrop"
"1655",1915,"Harvested",121.181746,"FiberCrop"
"1656",1914,"Harvested",144.09829,"FiberCrop"
"1657",1913,"Harvested",142.443476,"FiberCrop"
"1658",1912,"Harvested",131.725622,"FiberCrop"
"1659",1911,"Harvested",141.270136,"FiberCrop"
"1660",1910,"Harvested",127.481368,"FiberCrop"
"1661",1909,"Harvested",123.62553,"FiberCrop"
"1662",1908,"Harvested",125.794186,"FiberCrop"
"1663",1907,"Harvested",124.329534,"FiberCrop"
"1664",1906,"Harvested",127.060584,"FiberCrop"
"1665",1905,"Harvested",112.288638,"FiberCrop"
"1666",1904,"Harvested",121.691542,"FiberCrop"
"1667",1903,"Harvested",112.325052,"FiberCrop"
"1668",1902,"Harvested",111.511806,"FiberCrop"
"1669",1901,"Harvested",109.4443,"FiberCrop"
"1670",1900,"Harvested",100.688756,"FiberCrop"
"1671",1899,"Harvested",97.763498,"FiberCrop"
"1672",1898,"Harvested",99.99689,"FiberCrop"
"1673",1897,"Harvested",101.680026,"FiberCrop"
"1674",1896,"Harvested",93.98858,"FiberCrop"
"1675",1895,"Harvested",80.268594,"FiberCrop"
"1676",1894,"Harvested",88.550756,"FiberCrop"
"1677",1893,"Harvested",81.955776,"FiberCrop"
"1678",1892,"Harvested",76.343974,"FiberCrop"
"1679",1891,"Harvested",87.001138,"FiberCrop"
"1680",1890,"Harvested",84.711102,"FiberCrop"
"1681",1889,"Harvested",81.692786,"FiberCrop"
"1682",1888,"Harvested",78.97792,"FiberCrop"
"1683",1887,"Harvested",76.036478,"FiberCrop"
"1684",1886,"Harvested",74.32502,"FiberCrop"
"1685",1885,"Harvested",72.512412,"FiberCrop"
"1686",1884,"Harvested",68.171054,"FiberCrop"
"1687",1883,"Harvested",65.92957,"FiberCrop"
"1688",1882,"Harvested",63.271348,"FiberCrop"
"1689",1881,"Harvested",66.690218,"FiberCrop"
"1690",1880,"Harvested",64.416366,"FiberCrop"
"1691",1879,"Harvested",58.561804,"FiberCrop"
"1692",1878,"Harvested",54.778794,"FiberCrop"
"1693",1877,"Harvested",51.003876,"FiberCrop"
"1694",1876,"Harvested",47.528362,"FiberCrop"
"1695",1875,"Harvested",45.914008,"FiberCrop"
"1696",1874,"Harvested",43.506638,"FiberCrop"
"1697",1873,"Harvested",44.497908,"FiberCrop"
"1698",1872,"Harvested",38.76068,"FiberCrop"
"1699",1871,"Harvested",33.52111,"FiberCrop"
"1700",1870,"Harvested",37.376948,"FiberCrop"
"1701",1869,"Harvested",31.360546,"FiberCrop"
"1702",1868,"Harvested",28.212758,"FiberCrop"
"1703",1867,"Harvested",31.817744,"FiberCrop"
"1704",1866,"Harvested",31.016636,"FiberCrop"
"1705",1924,"Harvested",1.812608,"OilCrop"
"1706",1924,"Planted",6.340082,"OilCrop"
"1707",1925,"Harvested",1.67909,"OilCrop"
"1708",1925,"Planted",6.226794,"OilCrop"
"1709",1926,"Harvested",1.885436,"OilCrop"
"1710",1926,"Planted",7.570066,"OilCrop"
"1711",1927,"Harvested",2.298128,"OilCrop"
"1712",1927,"Planted",8.322622,"OilCrop"
"1713",1928,"Harvested",2.342634,"OilCrop"
"1714",1928,"Planted",8.715084,"OilCrop"
"1715",1929,"Harvested",2.864568,"OilCrop"
"1716",1929,"Planted",9.827734,"OilCrop"
"1717",1930,"Harvested",4.345404,"OilCrop"
"1718",1930,"Planted",12.429312,"OilCrop"
"1719",1931,"Harvested",4.616486,"OilCrop"
"1720",1931,"Planted",15.51641,"OilCrop"
"1721",1932,"Harvested",4.050046,"OilCrop"
"1722",1932,"Planted",14.986384,"OilCrop"
"1723",1933,"Harvested",4.224024,"OilCrop"
"1724",1933,"Planted",14.310702,"OilCrop"
"1725",1934,"Harvested",6.295576,"OilCrop"
"1726",1934,"Planted",23.321144,"OilCrop"
"1727",1935,"Harvested",11.79409,"OilCrop"
"1728",1935,"Planted",28.184436,"OilCrop"
"1729",1936,"Harvested",9.544514,"OilCrop"
"1730",1936,"Planted",24.789842,"OilCrop"
"1731",1937,"Harvested",10.462956,"OilCrop"
"1732",1937,"Planted",25.619272,"OilCrop"
"1733",1938,"Harvested",12.27961,"OilCrop"
"1734",1938,"Planted",29.608628,"OilCrop"
"1735",1939,"Harvested",17.45849,"OilCrop"
"1736",1939,"Planted",38.69999,"OilCrop"
"1737",1940,"Harvested",19.449122,"OilCrop"
"1738",1940,"Planted",42.430402,"OilCrop"
"1739",1941,"Harvested",23.826894,"OilCrop"
"1740",1941,"Planted",40.735128,"OilCrop"
"1741",1942,"Harvested",40.031124,"OilCrop"
"1742",1942,"Planted",55.414016,"OilCrop"
"1743",1943,"Harvested",42.066262,"OilCrop"
"1744",1943,"Planted",57.416786,"OilCrop"
"1745",1944,"Harvested",41.45127,"OilCrop"
"1746",1944,"Planted",53.075428,"OilCrop"
"1747",1945,"Harvested",43.45404,"OilCrop"
"1748",1945,"Planted",52.824576,"OilCrop"
"1749",1946,"Harvested",40.184872,"OilCrop"
"1750",1946,"Planted",47.362476,"OilCrop"
"1751",1947,"Harvested",46.168906,"OilCrop"
"1752",1947,"Planted",52.808392,"OilCrop"
"1753",1948,"Harvested",43.219372,"OilCrop"
"1754",1948,"Planted",48.499402,"OilCrop"
"1755",1949,"Harvested",42.410172,"OilCrop"
"1756",1949,"Planted",48.034112,"OilCrop"
"1757",1950,"Harvested",55.863122,"OilCrop"
"1758",1950,"Planted",60.884208,"OilCrop"
"1759",1951,"Harvested",55.08629,"OilCrop"
"1760",1951,"Planted",61.402096,"OilCrop"
"1761",1952,"Harvested",58.40401,"OilCrop"
"1762",1952,"Planted",64.566068,"OilCrop"
"1763",1953,"Harvested",59.998134,"OilCrop"
"1764",1953,"Planted",66.330124,"OilCrop"
"1765",1954,"Harvested",68.972162,"OilCrop"
"1766",1954,"Planted",75.016886,"OilCrop"
"1767",1955,"Harvested",75.33652,"OilCrop"
"1768",1955,"Planted",79.601004,"OilCrop"
"1769",1956,"Harvested",83.42852,"OilCrop"
"1770",1956,"Planted",87.7982,"OilCrop"
"1771",1957,"Harvested",84.387422,"OilCrop"
"1772",1957,"Planted",88.761148,"OilCrop"
"1773",1958,"Harvested",97.075678,"OilCrop"
"1774",1958,"Planted",101.586968,"OilCrop"
"1775",1959,"Harvested",91.565026,"OilCrop"
"1776",1959,"Planted",94.470054,"OilCrop"
"1777",1960,"Harvested",95.70813,"OilCrop"
"1778",1960,"Planted",98.88424,"OilCrop"
"1779",1961,"Harvested",109.254138,"OilCrop"
"1780",1961,"Planted",112.426202,"OilCrop"
"1781",1962,"Harvested",111.701968,"OilCrop"
"1782",1962,"Planted",114.979228,"OilCrop"
"1783",1963,"Harvested",115.77629,"OilCrop"
"1784",1963,"Planted",119.203252,"OilCrop"
"1785",1964,"Harvested",124.588478,"OilCrop"
"1786",1964,"Planted",128.343166,"OilCrop"
"1787",1965,"Harvested",139.380654,"OilCrop"
"1788",1965,"Planted",142.528442,"OilCrop"
"1789",1966,"Harvested",147.865116,"OilCrop"
"1790",1966,"Planted",150.891524,"OilCrop"
"1791",1967,"Harvested",161.05103,"OilCrop"
"1792",1967,"Planted",165.153674,"OilCrop"
"1793",1968,"Harvested",167.467986,"OilCrop"
"1794",1968,"Planted",171.00419,"OilCrop"
"1795",1969,"Harvested",167.249502,"OilCrop"
"1796",1969,"Planted",172.092564,"OilCrop"
"1797",1970,"Harvested",170.939454,"OilCrop"
"1798",1970,"Planted",174.309772,"OilCrop"
"1799",1971,"Harvested",172.78443,"OilCrop"
"1800",1971,"Planted",175.903896,"OilCrop"
"1801",1972,"Harvested",184.833418,"OilCrop"
"1802",1972,"Planted",189.619836,"OilCrop"
"1803",1973,"Harvested",225.228682,"OilCrop"
"1804",1973,"Planted",228.797254,"OilCrop"
"1805",1974,"Harvested",207.725686,"OilCrop"
"1806",1974,"Planted",212.330034,"OilCrop"
"1807",1975,"Harvested",216.934382,"OilCrop"
"1808",1975,"Planted",220.87114,"OilCrop"
"1809",1976,"Harvested",199.876446,"OilCrop"
"1810",1976,"Planted",203.388374,"OilCrop"
"1811",1977,"Harvested",233.98018,"OilCrop"
"1812",1977,"Planted",238.624988,"OilCrop"
"1813",1978,"Harvested",257.580498,"OilCrop"
"1814",1978,"Planted",261.808568,"OilCrop"
"1815",1979,"Harvested",284.607778,"OilCrop"
"1816",1979,"Planted",288.928906,"OilCrop"
"1817",1980,"Harvested",274.371398,"OilCrop"
"1818",1980,"Planted",282.93678,"OilCrop"
"1819",1981,"Harvested",267.695498,"OilCrop"
"1820",1981,"Planted",273.278978,"OilCrop"
"1821",1982,"Harvested",280.962332,"OilCrop"
"1822",1982,"Planted",286.796664,"OilCrop"
"1823",1983,"Harvested",252.97615,"OilCrop"
"1824",1983,"Planted",258.049834,"OilCrop"
"1825",1984,"Harvested",267.493198,"OilCrop"
"1826",1984,"Planted",274.13673,"OilCrop"
"1827",1985,"Harvested",249.229554,"OilCrop"
"1828",1985,"Planted",255.48467,"OilCrop"
"1829",1986,"Harvested",235.930352,"OilCrop"
"1830",1986,"Planted",244.39863,"OilCrop"
"1831",1987,"Harvested",231.317912,"OilCrop"
"1832",1987,"Planted",235.39628,"OilCrop"
"1833",1988,"Harvested",232.131158,"OilCrop"
"1834",1988,"Planted",238.06664,"OilCrop"
"1835",1989,"Harvested",240.890748,"OilCrop"
"1836",1989,"Planted",246.07772,"OilCrop"
"1837",1990,"Harvested",228.647552,"OilCrop"
"1838",1990,"Planted",233.83857,"OilCrop"
"1839",1991,"Harvested",235.367958,"OilCrop"
"1840",1991,"Planted",240.142238,"OilCrop"
"1841",1992,"Harvested",236.100284,"OilCrop"
"1842",1992,"Planted",240.057272,"OilCrop"
"1843",1993,"Harvested",232.6454046,"OilCrop"
"1844",1993,"Planted",243.9381952,"OilCrop"
"1845",1994,"Harvested",247.4359622,"OilCrop"
"1846",1994,"Planted",250.7767444,"OilCrop"
"1847",1995,"Harvested",250.7524684,"OilCrop"
"1848",1995,"Planted",254.669401,"OilCrop"
"1849",1996,"Harvested",257.7229172,"OilCrop"
"1850",1996,"Planted",261.227967,"OilCrop"
"1851",1997,"Harvested",282.1777504,"OilCrop"
"1852",1997,"Planted",285.9615696,"OilCrop"
"1853",1998,"Harvested",289.3767982,"OilCrop"
"1854",1998,"Planted",295.9438608,"OilCrop"
"1855",1999,"Harvested",297.3583424,"OilCrop"
"1856",1999,"Planted",302.6836876,"OilCrop"
"1857",2000,"Harvested",299.0394554,"OilCrop"
"1858",2000,"Planted",306.78795,"OilCrop"
"1859",2001,"Harvested",301.1563226,"OilCrop"
"1860",2001,"Planted",305.7671442,"OilCrop"
"1861",2002,"Harvested",298.5183306,"OilCrop"
"1862",2002,"Planted",305.1752144,"OilCrop"
"1863",2003,"Harvested",297.5638792,"OilCrop"
"1864",2003,"Planted",301.3756158,"OilCrop"
"1865",2004,"Harvested",302.6157148,"OilCrop"
"1866",2004,"Planted",307.8265582,"OilCrop"
"1867",2005,"Harvested",292.796882,"OilCrop"
"1868",2005,"Planted",296.1404964,"OilCrop"
"1869",2006,"Harvested",305.974704,"OilCrop"
"1870",2006,"Planted",309.7917004,"OilCrop"
"1871",2007,"Harvested",264.2143196,"OilCrop"
"1872",2007,"Planted",266.7066556,"OilCrop"
"1873",2008,"Harvested",306.1616292,"OilCrop"
"1874",2008,"Planted",310.4463432,"OilCrop"
"1875",2009,"Harvested",312.2739214,"OilCrop"
"1876",2009,"Planted",316.688512,"OilCrop"
"1877",2010,"Harvested",315.7615734,"OilCrop"
"1878",2010,"Planted",319.0477346,"OilCrop"
"1879",2011,"Harvested",302.6824738,"OilCrop"
"1880",2011,"Planted",307.937014,"OilCrop"
"1881",2012,"Harvested",315.0385532,"OilCrop"
"1882",2012,"Planted",319.4515254,"OilCrop"
"1883",2013,"Harvested",313.5617632,"OilCrop"
"1884",2013,"Planted",316.2746062,"OilCrop"
"1885",2014,"Harvested",340.5510108,"OilCrop"
"1886",2014,"Planted",343.9634072,"OilCrop"
"1887",2015,"Harvested",337.6654036,"OilCrop"
"1888",2015,"Planted",341.6369572,"OilCrop"
"1889",2016,"Harvested",341.4953472,"OilCrop"
"1890",2016,"Planted",344.609958,"OilCrop"
"1891",2017,"Harvested",370.4270794,"OilCrop"
"1892",2017,"Planted",373.2406678,"OilCrop"
"1893",2018,"Harvested",362.2865274,"OilCrop"
"1894",2018,"Planted",368.8471164,"OilCrop"
"1895",2019,"Harvested",311.3049044,"OilCrop"
"1896",2019,"Planted",316.2001598,"OilCrop"
